"GEOID","County_fips","NAME","County","Region","BelowPoverty_WhiteE","BelowPoverty_WhiteM","AbovePoverty_WhiteE","AbovePoverty_WhiteM","BelowPoverty_BlackE","BelowPoverty_BlackM","AbovePoverty_BlackE","AbovePoverty_BlackM","BelowPoverty_NativeAmE","BelowPoverty_NativeAmM","AbovePoverty_NativeAmE","AbovePoverty_NativeAmM","BelowPoverty_AsianE","BelowPoverty_AsianM","AbovePoverty_AsianE","AbovePoverty_AsianM","BelowPoverty_PacificIslanderE","BelowPoverty_PacificIslanderM","AbovePoverty_PacificIslanderE","AbovePoverty_PacificIslanderM","BelowPoverty_HispanicLatinoE","BelowPoverty_HispanicLatinoM","AbovePoverty_HispanicLatinoE","AbovePoverty_HispanicLatinoM","Gini_IndexE","Gini_IndexM","Perc_BelowPoverty_WhiteE","Perc_BelowPoverty_BlackE","Perc_BelowPoverty_AsianE","Perc_BelowPoverty_PacificIslanderE","Perc_BelowPoverty_NativeAmE","Perc_BelowPoverty_HispanicLatinoE","Perc_BelowPoverty_WhiteM","Perc_BelowPoverty_BlackM","Perc_BelowPoverty_AsianM","Perc_BelowPoverty_PacificIslanderM","Perc_BelowPoverty_NativeAmM","Perc_BelowPoverty_HispanicLatinoM"
"51540000201","540","Census Tract 2.01, Charlottesville city, Virginia","Charlottesville","Charlottlesville",508,159,1483,310,56,51,385,132,0,13,0,13,46,49,60,58,0,13,0,13,110,91,178,169,0.4916,0.0467,25.51,12.7,43.4,NA,NA,38.19,33.9,27.87,45.79,50,50,35
"51540000202","540","Census Tract 2.02, Charlottesville city, Virginia","Charlottesville","Charlottlesville",2251,426,828,252,214,222,1074,449,0,18,13,24,266,133,151,158,0,18,0,18,141,71,35,37,0.5448,0.0525,73.11,16.61,63.79,NA,0,80.11,62.83,33.08,45.7,50,42.86,65.74
"51540000302","540","Census Tract 3.02, Charlottesville city, Virginia","Charlottesville","Charlottlesville",188,118,2384,453,50,53,268,191,13,20,0,13,12,20,50,47,0,13,5,8,0,13,314,263,0.4315,0.0627,7.31,15.72,19.35,0,100,0,20.67,21.72,29.85,61.9,60.61,4.71
"51540000401","540","Census Tract 4.01, Charlottesville city, Virginia","Charlottesville","Charlottlesville",52,46,2159,389,691,255,927,351,0,13,47,61,0,13,190,148,0,13,0,13,26,37,329,201,0.5317,0.0487,2.35,42.71,0,NA,0,7.32,10.57,42.08,8.07,50,17.57,15.55
"51540000402","540","Census Tract 4.02, Charlottesville city, Virginia","Charlottesville","Charlottlesville",338,188,3053,389,87,113,561,297,0,13,19,32,42,58,0,13,0,13,0,13,0,13,48,64,0.4087,0.045,9.97,13.43,100,NA,0,0,32.58,27.56,81.69,50,28.89,16.88
"51540000501","540","Census Tract 5.01, Charlottesville city, Virginia","Charlottesville","Charlottlesville",315,158,1296,284,777,458,1659,407,0,13,0,13,79,101,197,139,0,13,0,13,5,9,166,135,0.4536,0.0527,19.55,31.9,28.62,NA,NA,2.92,35.75,52.95,42.08,50,50,6.25
"51540000502","540","Census Tract 5.02, Charlottesville city, Virginia","Charlottesville","Charlottlesville",457,269,3328,454,2,4,698,212,0,18,0,18,62,81,270,265,0,18,0,18,135,163,339,227,0.4688,0.0665,12.07,0.29,18.67,NA,NA,28.48,37.21,1.85,23.41,50,50,41.79
"51540000600","540","Census Tract 6, Charlottesville city, Virginia","Charlottesville","Charlottlesville",886,297,756,209,144,148,153,104,0,13,0,13,712,173,128,74,0,13,0,13,85,54,30,34,0.6686,0.1042,53.96,48.48,84.76,NA,NA,73.91,58.7,58.73,70.04,50,50,61.36
"51540000700","540","Census Tract 7, Charlottesville city, Virginia","Charlottesville","Charlottlesville",702,214,2526,321,0,13,71,73,0,13,30,45,20,25,145,78,0,13,0,13,25,24,57,54,0.6153,0.0551,21.75,0,12.12,NA,0,30.49,40,15.12,24.27,50,22.41,30.77
"51540000800","540","Census Tract 8, Charlottesville city, Virginia","Charlottesville","Charlottlesville",256,225,2395,325,48,44,335,183,0,13,0,13,0,13,181,110,0,13,0,13,192,227,36,49,0.4402,0.0404,9.66,12.53,0,NA,NA,84.21,40.91,19.38,10.57,50,50,82.25
"51540000900","540","Census Tract 9, Charlottesville city, Virginia","Charlottesville","Charlottlesville",103,78,1736,204,16,26,114,90,0,13,0,13,0,13,128,142,0,13,0,13,0,13,4,12,0.4176,0.086,5.6,12.31,0,NA,NA,0,27.66,22.41,8.39,50,50,52
"51540001000","540","Census Tract 10, Charlottesville city, Virginia","Charlottesville","Charlottlesville",215,102,3170,667,11,22,50,54,0,13,0,13,10,17,41,37,0,13,0,13,0,13,106,101,0.5205,0.0731,6.35,18.03,19.61,NA,NA,0,13.26,28.95,31.48,50,50,11.4
"51041100106","041","Census Tract 1001.06, Chesterfield County, Virginia","Chesterfield","Richmond",36,35,3278,738,4,5,128,145,0,13,0,13,0,13,59,66,0,13,0,13,0,13,23,27,0.299,0.041,1.09,3.03,0,NA,NA,0,4.53,3.33,16.46,50,50,32.5
"51041100107","041","Census Tract 1001.07, Chesterfield County, Virginia","Chesterfield","Richmond",199,129,782,202,476,499,590,157,0,13,13,15,6,9,36,35,0,13,0,13,203,138,505,227,0.4662,0.1033,20.29,44.65,14.29,NA,0,28.67,38.97,76.07,20.45,50,46.43,37.81
"51041100206","041","Census Tract 1002.06, Chesterfield County, Virginia","Chesterfield","Richmond",212,127,3013,969,117,112,1885,440,0,18,191,208,0,18,132,114,0,18,13,25,43,83,563,475,0.3319,0.0478,6.57,5.84,0,0,0,7.1,11.59,20.29,13.64,41.86,7.96,14.87
"51041100208","041","Census Tract 1002.08, Chesterfield County, Virginia","Chesterfield","Richmond",177,158,1459,234,0,13,302,104,0,13,0,13,0,13,77,78,0,13,0,13,0,13,95,66,0.4069,0.0498,10.82,0,0,NA,NA,0,40.31,11.11,14.29,50,50,16.46
"51041100209","041","Census Tract 1002.09, Chesterfield County, Virginia","Chesterfield","Richmond",254,170,2836,758,323,420,2711,741,0,18,0,18,22,37,101,117,0,18,18,30,24,40,450,301,0.3419,0.0286,8.22,10.65,17.89,0,NA,5.06,18.32,36.18,24.03,37.5,50,11.73
"51041100210","041","Census Tract 1002.10, Chesterfield County, Virginia","Chesterfield","Richmond",19,26,756,240,146,117,703,236,0,13,0,13,0,13,73,95,0,13,0,13,0,13,192,142,0.334,0.0448,2.45,17.2,0,NA,NA,0,9.77,33.14,12.04,50,50,8.39
"51041100211","041","Census Tract 1002.11, Chesterfield County, Virginia","Chesterfield","Richmond",83,124,849,200,17,26,1830,463,0,13,0,13,0,13,0,13,0,13,0,13,341,462,518,179,0.336,0.0844,8.91,0.92,NA,NA,NA,39.7,38.27,5.32,50,50,50,72.07
"51041100212","041","Census Tract 1002.12, Chesterfield County, Virginia","Chesterfield","Richmond",664,671,769,292,655,566,2744,925,0,18,0,18,0,18,19,31,0,18,0,18,892,736,781,458,0.345,0.045,46.34,19.27,0,NA,NA,53.32,69.68,37.96,36.73,50,50,61.64
"51041100300","041","Census Tract 1003, Chesterfield County, Virginia","Chesterfield","Richmond",448,216,994,244,225,170,366,151,0,13,0,13,0,13,101,79,0,13,0,13,225,147,958,371,0.3764,0.0435,31.07,38.07,0,NA,NA,19.02,46.96,52.96,14.13,50,50,28.38
"51041100403","041","Census Tract 1004.03, Chesterfield County, Virginia","Chesterfield","Richmond",323,240,3636,650,81,107,1010,394,0,18,16,27,60,94,372,211,0,18,0,18,43,50,602,321,0.4094,0.0393,8.16,7.42,13.89,NA,0,6.67,26.97,21.36,30.82,50,40,13.48
"51041100404","041","Census Tract 1004.04, Chesterfield County, Virginia","Chesterfield","Richmond",383,144,805,163,42,35,650,454,0,13,23,30,19,28,77,80,0,13,12,19,302,143,677,206,0.4088,0.0656,32.24,6.07,19.79,0,0,30.85,46.91,7.16,25.93,40.62,30.23,40.97
"51041100405","041","Census Tract 1004.05, Chesterfield County, Virginia","Chesterfield","Richmond",324,155,908,230,87,88,454,212,0,13,70,78,0,13,0,13,0,13,0,13,302,189,494,204,0.3188,0.0506,26.3,16.08,NA,NA,0,37.94,40.26,29.33,50,50,14.29,48.09
"51041100406","041","Census Tract 1004.06, Chesterfield County, Virginia","Chesterfield","Richmond",187,73,434,147,445,203,523,232,0,13,0,13,0,13,11,16,0,13,0,13,127,73,188,102,0.4001,0.0777,30.11,45.97,0,NA,NA,40.32,33.18,46.67,44.83,50,50,41.71
"51041100407","041","Census Tract 1004.07, Chesterfield County, Virginia","Chesterfield","Richmond",251,139,1839,533,62,54,1233,453,0,13,0,13,0,13,0,13,0,13,0,13,191,180,792,565,0.3143,0.0338,12.01,4.79,NA,NA,NA,19.43,20.68,10.65,50,50,50,24.16
"51041100409","041","Census Tract 1004.09, Chesterfield County, Virginia","Chesterfield","Richmond",146,111,4873,648,147,182,1241,618,0,18,0,18,8,14,14,23,0,18,0,18,0,18,260,98,0.3064,0.0355,2.91,10.59,36.36,NA,NA,0,14.62,22.75,37.84,50,50,15.52
"51041100410","041","Census Tract 1004.10, Chesterfield County, Virginia","Chesterfield","Richmond",126,107,1008,323,192,156,592,204,0,13,0,13,0,13,83,137,0,13,0,13,78,104,66,77,0.4572,0.0406,11.11,24.49,0,NA,NA,54.17,24.88,43.33,8.67,50,50,57.46
"51041100505","041","Census Tract 1005.05, Chesterfield County, Virginia","Chesterfield","Richmond",370,315,4287,804,84,118,601,362,11,19,37,70,0,18,133,153,0,18,0,18,0,18,314,192,0.3936,0.0489,7.95,12.26,0,NA,22.92,0,28.15,24.58,10.53,50,21.35,8.57
"51041100506","041","Census Tract 1005.06, Chesterfield County, Virginia","Chesterfield","Richmond",171,222,2542,762,167,105,2318,919,0,18,0,18,0,18,34,27,0,18,0,18,125,143,975,585,0.4999,0.1806,6.3,6.72,0,NA,NA,11.36,22.56,10.25,40,50,50,19.64
"51041100507","041","Census Tract 1005.07, Chesterfield County, Virginia","Chesterfield","Richmond",210,274,3859,441,61,86,2262,872,0,18,0,18,0,18,117,117,0,18,0,18,177,271,635,430,0.3498,0.041,5.16,2.63,0,NA,NA,21.8,38.32,8.98,13.33,50,50,38.66
"51041100508","041","Census Tract 1005.08, Chesterfield County, Virginia","Chesterfield","Richmond",179,119,3266,863,121,125,1582,272,0,18,30,35,0,18,75,74,0,18,0,18,9,14,397,412,0.341,0.0619,5.2,7.11,0,NA,0,2.22,12.12,31.49,19.57,50,33.96,3.29
"51041100509","041","Census Tract 1005.09, Chesterfield County, Virginia","Chesterfield","Richmond",107,125,3492,415,5,17,2421,783,0,18,0,18,0,18,189,78,0,18,0,18,73,113,540,427,0.2763,0.0353,2.97,0.21,0,NA,NA,11.91,23.15,2.12,18.75,50,50,20.93
"51041100510","041","Census Tract 1005.10, Chesterfield County, Virginia","Chesterfield","Richmond",132,93,2369,412,0,13,968,370,0,13,0,13,0,13,269,230,0,13,0,13,0,13,250,202,0.359,0.0496,5.28,0,0,NA,NA,0,18.42,3.39,5.35,50,50,6.05
"51041100600","041","Census Tract 1006, Chesterfield County, Virginia","Chesterfield","Richmond",2,5,262,148,115,89,617,193,0,13,4,7,0,13,0,13,0,13,0,13,40,72,196,181,0.3557,0.0545,0.76,15.71,NA,NA,0,16.95,3.27,31.56,50,50,65,28.46
"51041100701","041","Census Tract 1007.01, Chesterfield County, Virginia","Chesterfield","Richmond",201,99,2899,591,173,170,1714,506,0,18,3,5,0,18,0,18,0,18,17,31,22,32,252,186,0.3597,0.0443,6.48,9.17,NA,0,0,8.03,14.35,25.15,50,36.73,78.26,14.68
"51041100702","041","Census Tract 1007.02, Chesterfield County, Virginia","Chesterfield","Richmond",20,16,896,131,175,149,660,166,0,13,1,2,0,13,0,13,0,13,0,13,10,15,18,22,0.4583,0.1044,2.18,20.96,NA,NA,0,35.71,10.88,47.3,50,50,86.67,40.54
"51041100704","041","Census Tract 1007.04, Chesterfield County, Virginia","Chesterfield","Richmond",456,268,3475,617,0,18,713,273,0,18,0,18,0,18,0,18,0,18,0,18,43,66,55,76,0.46,0.0835,11.6,0,NA,NA,NA,43.88,30.28,6.19,50,50,50,46.48
"51041100705","041","Census Tract 1007.05, Chesterfield County, Virginia","Chesterfield","Richmond",16,18,2041,275,0,13,220,81,0,13,0,13,4,8,0,13,0,13,0,13,4,8,197,189,0.3434,0.0455,0.78,0,100,NA,NA,1.99,6.14,13.83,38.1,50,50,4.06
"51041100804","041","Census Tract 1008.04, Chesterfield County, Virginia","Chesterfield","Richmond",136,150,1378,318,112,118,1992,386,14,22,18,22,21,31,296,152,0,13,0,13,128,174,491,361,0.4773,0.105,8.98,5.32,6.62,NA,43.75,20.68,32.05,23.41,16.94,50,50,32.52
"51041100805","041","Census Tract 1008.05, Chesterfield County, Virginia","Chesterfield","Richmond",157,109,2141,881,215,169,1963,581,15,24,0,18,0,18,23,37,0,18,0,18,15,24,817,234,0.3105,0.0581,6.83,9.87,0,NA,100,1.8,11.01,22.53,32.73,50,57.14,9.3
"51041100806","041","Census Tract 1008.06, Chesterfield County, Virginia","Chesterfield","Richmond",194,190,994,277,430,342,1313,297,0,13,0,13,0,13,35,47,0,13,13,20,449,337,755,291,0.4187,0.0623,16.33,24.67,0,0,NA,37.29,40.69,53.52,21.67,39.39,50,53.66
"51041100807","041","Census Tract 1008.07, Chesterfield County, Virginia","Chesterfield","Richmond",46,26,798,176,0,13,581,143,0,13,0,13,0,13,0,13,0,13,0,13,9,15,908,579,0.3091,0.0516,5.45,0,NA,NA,NA,0.98,12.87,8.33,50,50,50,2.53
"51041100812","041","Census Tract 1008.12, Chesterfield County, Virginia","Chesterfield","Richmond",174,133,3762,471,2,4,990,268,0,18,0,18,0,18,35,51,0,18,0,18,11,19,489,345,0.3588,0.042,4.42,0.2,0,NA,NA,2.2,22.02,1.47,26.09,50,50,5.22
"51041100814","041","Census Tract 1008.14, Chesterfield County, Virginia","Chesterfield","Richmond",285,205,1683,212,0,13,1265,338,0,13,65,100,11,16,53,70,0,13,0,13,0,13,582,164,0.3206,0.0501,14.48,0,17.19,NA,0,0,49.16,3.7,18.6,50,11.5,7.34
"51041100815","041","Census Tract 1008.15, Chesterfield County, Virginia","Chesterfield","Richmond",52,42,3128,836,180,221,1618,528,0,18,0,18,0,18,183,201,0,18,15,24,33,71,1449,917,0.2979,0.0337,1.64,10.01,0,0,NA,2.23,4.78,29.51,8.22,42.86,50,7.19
"51041100816","041","Census Tract 1008.16, Chesterfield County, Virginia","Chesterfield","Richmond",158,84,2833,386,103,133,818,272,0,13,0,13,7,12,22,25,0,13,0,13,0,13,383,135,0.3535,0.0535,5.28,11.18,24.14,NA,NA,0,17.87,32.84,32.43,50,50,8.78
"51041100817","041","Census Tract 1008.17, Chesterfield County, Virginia","Chesterfield","Richmond",208,147,1900,313,14,21,458,165,0,13,0,13,0,13,36,43,0,13,0,13,29,38,423,283,0.3388,0.0373,9.87,2.97,0,NA,NA,6.42,31.96,11.29,23.21,50,50,11.84
"51041100818","041","Census Tract 1008.18, Chesterfield County, Virginia","Chesterfield","Richmond",92,97,2130,844,16,18,1841,274,0,13,0,13,0,13,154,182,0,13,0,13,10,18,276,211,0.3742,0.1512,4.14,0.86,0,NA,NA,3.5,10.31,6.16,6.67,50,50,7.86
"51041100819","041","Census Tract 1008.19, Chesterfield County, Virginia","Chesterfield","Richmond",55,73,1750,332,289,305,2745,594,0,18,0,18,0,18,116,106,0,18,0,18,25,43,415,201,0.291,0.036,3.05,9.53,0,NA,NA,5.68,18.02,33.93,14.52,50,50,17.62
"51041100820","041","Census Tract 1008.20, Chesterfield County, Virginia","Chesterfield","Richmond",192,131,586,219,56,72,2713,1220,0,13,0,13,0,13,313,195,0,13,0,13,113,85,239,155,0.3663,0.0516,24.68,2.02,0,NA,NA,32.1,37.43,5.57,6.25,50,50,35.42
"51041100821","041","Census Tract 1008.21, Chesterfield County, Virginia","Chesterfield","Richmond",205,122,3580,367,26,38,301,90,0,13,0,13,0,13,121,97,0,13,10,19,0,13,137,92,0.4354,0.0644,5.42,7.95,0,0,NA,0,24.95,29.69,11.82,40.62,50,12.38
"51041100822","041","Census Tract 1008.22, Chesterfield County, Virginia","Chesterfield","Richmond",122,115,3782,444,212,291,772,169,21,26,12,16,0,18,363,182,0,18,0,18,0,18,259,230,0.3354,0.036,3.12,21.54,0,NA,63.64,0,20.57,63.26,9,50,61.9,7.26
"51041100823","041","Census Tract 1008.23, Chesterfield County, Virginia","Chesterfield","Richmond",24,31,3591,528,46,69,1518,301,0,18,0,18,0,18,207,192,0,18,0,18,2,4,61,50,0.3166,0.0397,0.66,2.94,0,NA,NA,3.17,5.55,18.65,8.57,50,50,7.41
"51041100902","041","Census Tract 1009.02, Chesterfield County, Virginia","Chesterfield","Richmond",32,28,3388,270,2,3,332,396,0,13,0,13,0,13,119,97,0,13,0,13,0,13,77,68,0.3529,0.0503,0.94,0.6,0,NA,NA,0,9.4,0.75,11.82,50,50,16.05
"51041100907","041","Census Tract 1009.07, Chesterfield County, Virginia","Chesterfield","Richmond",85,71,1522,353,7,13,188,133,0,13,0,13,0,13,96,89,0,13,0,13,138,141,566,266,0.3927,0.059,5.29,3.59,0,NA,NA,19.6,16.75,8.9,12.75,50,50,34.64
"51041100910","041","Census Tract 1009.10, Chesterfield County, Virginia","Chesterfield","Richmond",174,126,3409,592,28,28,1083,605,0,18,85,88,0,18,0,18,0,18,0,18,0,18,310,123,0.2882,0.0316,4.86,2.52,NA,NA,0,0,17.55,4.42,50,50,16.98,12.77
"51041100912","041","Census Tract 1009.12, Chesterfield County, Virginia","Chesterfield","Richmond",92,72,5732,1045,48,81,353,99,0,18,18,33,0,18,108,85,0,18,0,18,0,18,446,376,0.3802,0.053,1.58,11.97,0,NA,0,0,6.45,45,17.48,50,35.29,4.57
"51041100915","041","Census Tract 1009.15, Chesterfield County, Virginia","Chesterfield","Richmond",142,101,2872,481,44,54,360,111,0,13,0,13,0,13,234,183,0,13,0,13,25,40,154,145,0.3588,0.0421,4.71,10.89,0,NA,NA,13.97,17.35,32.73,6.63,50,50,21.62
"51041100919","041","Census Tract 1009.19, Chesterfield County, Virginia","Chesterfield","Richmond",106,66,4135,698,233,246,1387,306,0,18,0,18,0,18,437,299,0,18,0,18,19,31,249,142,0.3359,0.0293,2.5,14.38,0,NA,NA,7.09,8.64,44.57,5.68,50,50,17.92
"51041100920","041","Census Tract 1009.20, Chesterfield County, Virginia","Chesterfield","Richmond",26,40,850,191,36,51,432,152,0,13,0,13,0,13,181,121,0,13,0,13,0,13,95,86,0.3688,0.0508,2.97,7.69,0,NA,NA,0,17.32,25.12,9.7,50,50,13.13
"51041100921","041","Census Tract 1009.21, Chesterfield County, Virginia","Chesterfield","Richmond",318,260,3813,484,0,18,641,239,0,18,0,18,100,162,401,203,0,18,0,18,60,101,583,411,0.3727,0.0372,7.7,0,19.96,NA,NA,9.33,34.95,7,44.38,50,50,19.73
"51041100922","041","Census Tract 1009.22, Chesterfield County, Virginia","Chesterfield","Richmond",101,59,3036,484,164,170,1215,420,0,13,9,12,12,22,81,77,0,13,30,52,0,13,472,260,0.3153,0.0423,3.22,11.89,12.9,0,0,0,10.87,28.81,22.22,20,52,4.76
"51041100923","041","Census Tract 1009.23, Chesterfield County, Virginia","Chesterfield","Richmond",57,55,1795,821,8,13,837,331,0,13,39,54,17,25,65,88,0,13,0,13,63,72,144,115,0.2491,0.0442,3.08,0.95,20.73,NA,0,30.43,6.28,3.78,22.12,50,19.4,38.5
"51109950101","109","Census Tract 9501.01, Louisa County, Virginia","Louisa","Charlottlesville",51,82,2457,561,0,13,0,13,0,13,0,13,0,13,45,51,0,13,0,13,0,13,0,13,0.3444,0.047,2.03,NA,0,NA,NA,NA,12.75,50,20.31,50,50,50
"51109950102","109","Census Tract 9501.02, Louisa County, Virginia","Louisa","Charlottlesville",446,257,3196,460,127,149,542,260,0,13,0,13,0,13,75,82,0,13,0,13,154,183,194,172,0.4795,0.1213,12.25,18.98,0,NA,NA,44.25,35.84,36.43,13.68,50,50,51.55
"51109950201","109","Census Tract 9502.01, Louisa County, Virginia","Louisa","Charlottlesville",325,190,3286,381,508,234,703,213,0,18,13,20,0,18,15,20,0,18,0,18,75,57,341,188,0.4807,0.0521,9,41.95,0,NA,0,18.03,33.27,52.35,47.37,50,47.37,23.27
"51109950202","109","Census Tract 9502.02, Louisa County, Virginia","Louisa","Charlottlesville",353,120,3196,456,68,64,672,249,0,13,35,27,0,13,0,13,0,13,0,13,0,13,98,75,0.4382,0.0815,9.95,9.19,NA,NA,0,0,20.83,20.45,50,50,32.5,14.77
"51109950301","109","Census Tract 9503.01, Louisa County, Virginia","Louisa","Charlottlesville",85,145,2877,394,64,70,436,278,0,13,0,13,0,13,19,24,0,13,0,13,0,13,0,13,0.4147,0.1284,2.87,12.8,0,NA,NA,NA,26.9,20.11,35.14,50,50,50
"51109950302","109","Census Tract 9503.02, Louisa County, Virginia","Louisa","Charlottlesville",271,202,2201,653,96,146,331,157,0,13,0,13,0,13,12,20,0,13,0,13,0,13,17,29,0.3766,0.0687,10.96,22.48,0,NA,NA,0,23.63,48.18,39.39,50,50,30.95
"51109950303","109","Census Tract 9503.03, Louisa County, Virginia","Louisa","Charlottlesville",303,276,2277,318,0,13,361,242,0,13,0,13,0,13,11,23,0,13,0,13,0,13,18,32,0.3402,0.0725,11.74,0,0,NA,NA,0,46.46,5.1,36.11,50,50,28.89
"51109950400","109","Census Tract 9504, Louisa County, Virginia","Louisa","Charlottlesville",95,82,1980,331,178,154,569,128,0,13,0,13,0,13,19,28,0,13,0,13,0,13,110,152,0.4491,0.0789,4.58,23.83,0,NA,NA,0,19.85,54.61,31.71,50,50,7.88
"51109950500","109","Census Tract 9505, Louisa County, Virginia","Louisa","Charlottlesville",465,278,5065,771,185,164,324,161,0,18,0,18,0,18,0,18,0,18,0,18,22,34,107,104,0.4265,0.0584,8.41,36.35,NA,NA,NA,17.05,26.5,50.46,50,50,50,24.64
"51041100924","041","Census Tract 1009.24, Chesterfield County, Virginia","Chesterfield","Richmond",117,85,4208,438,10,16,194,217,0,18,0,18,0,18,424,183,0,18,0,18,15,24,158,109,0.4893,0.0595,2.71,4.9,0,NA,NA,8.67,16.25,6.87,8.96,50,50,18.05
"51041100926","041","Census Tract 1009.26, Chesterfield County, Virginia","Chesterfield","Richmond",91,66,5590,1061,0,18,147,146,0,18,0,18,0,18,394,126,0,18,0,18,49,62,280,220,0.5125,0.072,1.6,0,0,NA,NA,14.89,5.86,10.98,12.5,50,50,21.99
"51041100928","041","Census Tract 1009.28, Chesterfield County, Virginia","Chesterfield","Richmond",130,94,4867,587,139,129,1119,563,0,18,0,18,68,97,682,257,0,18,0,18,91,114,215,244,0.4066,0.0334,2.6,11.05,9.07,NA,NA,29.74,13.8,18.64,27.4,50,50,31.84
"51041100929","041","Census Tract 1009.29, Chesterfield County, Virginia","Chesterfield","Richmond",80,71,4701,519,2,4,534,190,0,18,0,18,298,201,407,273,0,18,0,18,0,18,197,133,0.4109,0.0865,1.67,0.37,42.27,NA,NA,0,12.03,2.06,42.41,50,50,11.92
"51041100930","041","Census Tract 1009.30, Chesterfield County, Virginia","Chesterfield","Richmond",25,31,3262,574,0,13,61,48,0,13,0,13,0,13,116,101,0,13,0,13,19,28,97,87,0.3029,0.0343,0.76,0,0,NA,NA,16.38,5.12,21.31,11.4,50,50,24.35
"51041100931","041","Census Tract 1009.31, Chesterfield County, Virginia","Chesterfield","Richmond",155,183,4197,611,0,18,418,271,0,18,32,36,0,18,70,81,0,18,0,18,0,18,21,34,0.3461,0.0451,3.56,0,0,NA,0,0,23.05,6.23,18.18,50,33.33,34.62
"51041100932","041","Census Tract 1009.32, Chesterfield County, Virginia","Chesterfield","Richmond",49,43,2592,291,31,34,386,115,0,13,0,13,0,13,119,139,0,13,0,13,9,17,130,135,0.4239,0.1294,1.86,7.43,0,NA,NA,6.47,12.87,22.82,8.55,50,50,11.18
"51041100933","041","Census Tract 1009.33, Chesterfield County, Virginia","Chesterfield","Richmond",112,117,1746,429,7,12,485,178,0,13,7,11,22,35,12,20,0,13,0,13,0,13,149,168,0.3659,0.0766,6.03,1.42,64.71,NA,0,0,21.43,6.32,63.64,50,54.17,7.18
"51041100934","041","Census Tract 1009.34, Chesterfield County, Virginia","Chesterfield","Richmond",302,169,3741,390,4,4,1390,537,0,18,0,18,0,18,33,37,0,18,0,18,0,18,596,114,0.3508,0.0412,7.47,0.29,0,NA,NA,0,30.23,0.74,32.73,50,50,13.64
"51041100935","041","Census Tract 1009.35, Chesterfield County, Virginia","Chesterfield","Richmond",101,81,3972,561,0,13,7,13,0,13,0,13,0,13,30,34,0,13,0,13,0,13,56,52,0.3985,0.0442,2.48,0,0,NA,NA,0,12.62,50,27.66,50,50,20
"51041100936","041","Census Tract 1009.36, Chesterfield County, Virginia","Chesterfield","Richmond",120,138,3668,557,26,29,85,71,0,13,0,13,0,13,50,67,0,13,0,13,8,18,200,136,0.3908,0.0641,3.17,23.42,0,NA,NA,3.85,19.86,29,16.25,50,50,11.69
"51041100937","041","Census Tract 1009.37, Chesterfield County, Virginia","Chesterfield","Richmond",94,89,3016,341,0,13,514,233,0,13,0,13,0,13,88,100,0,13,0,13,0,13,471,302,0.3279,0.0414,3.02,0,0,NA,NA,0,20.7,5.28,11.5,50,50,4.13
"51041100938","041","Census Tract 1009.38, Chesterfield County, Virginia","Chesterfield","Richmond",61,73,5865,1388,0,18,454,230,0,18,0,18,0,18,594,163,0,18,0,18,0,18,69,75,0.6044,0.0666,1.03,0,0,NA,NA,0,5,7.26,9.94,50,50,19.35
"51041101003","041","Census Tract 1010.03, Chesterfield County, Virginia","Chesterfield","Richmond",253,214,7835,992,0,18,896,296,0,18,0,18,0,18,318,92,0,18,0,18,24,43,476,261,0.3884,0.0432,3.13,0,0,NA,NA,4.8,17.74,5.73,16.36,50,50,14.14
"51041101004","041","Census Tract 1010.04, Chesterfield County, Virginia","Chesterfield","Richmond",124,125,3634,483,0,13,482,235,0,13,21,32,0,13,83,111,0,13,0,13,26,39,276,225,0.3654,0.0522,3.3,0,0,NA,0,8.61,20.56,5.24,10.48,50,28.89,14.77
"51041101007","041","Census Tract 1010.07, Chesterfield County, Virginia","Chesterfield","Richmond",170,136,5136,629,17,23,412,212,0,18,0,18,0,18,170,134,0,18,0,18,0,18,355,385,0.3812,0.041,3.2,3.96,0,NA,NA,0,17.78,9.79,11.84,50,50,4.47
"51041101008","041","Census Tract 1010.08, Chesterfield County, Virginia","Chesterfield","Richmond",100,108,4321,608,0,18,539,101,0,18,0,18,23,37,302,213,0,18,0,18,0,18,255,186,0.3996,0.0624,2.26,0,7.08,NA,NA,0,15.08,15.13,14.8,50,50,8.82
"51041101009","041","Census Tract 1010.09, Chesterfield County, Virginia","Chesterfield","Richmond",171,139,5273,828,73,95,1100,426,0,18,33,51,0,18,942,580,0,18,0,18,0,18,202,179,0.3432,0.0475,3.14,6.22,0,NA,0,0,14.37,18.23,3.01,50,26.09,9.14
"51041101011","041","Census Tract 1010.11, Chesterfield County, Virginia","Chesterfield","Richmond",71,82,2189,259,0,13,459,73,0,13,9,17,0,13,51,45,0,13,0,13,0,13,281,158,0.2509,0.0363,3.14,0,0,NA,0,0,24.05,15.12,22.41,50,43.33,7.6
"51041101012","041","Census Tract 1010.12, Chesterfield County, Virginia","Chesterfield","Richmond",258,181,3752,464,340,245,699,397,0,18,0,18,0,18,78,89,0,18,0,18,0,18,81,89,0.3198,0.0415,6.43,32.72,0,NA,NA,0,28.06,38.16,16.82,50,50,16.82
"51041101013","041","Census Tract 1010.13, Chesterfield County, Virginia","Chesterfield","Richmond",45,47,3205,478,54,65,419,255,0,13,17,27,0,13,0,13,0,13,0,13,34,46,57,54,0.2945,0.0306,1.38,11.42,NA,NA,0,37.36,8.95,20.31,50,50,32.5,46
"51041101014","041","Census Tract 1010.14, Chesterfield County, Virginia","Chesterfield","Richmond",20,33,1740,274,114,112,341,347,0,13,26,43,0,13,172,132,0,13,0,13,0,13,97,148,0.3405,0.0515,1.14,25.05,0,NA,0,0,10.75,24.4,8.97,50,23.21,8.07
"51041101015","041","Census Tract 1010.15, Chesterfield County, Virginia","Chesterfield","Richmond",113,94,4164,427,9,17,892,332,0,18,0,18,0,18,404,249,0,18,0,18,14,22,303,167,0.2815,0.0328,2.64,1,0,NA,NA,4.42,18.04,4.87,6.74,50,50,11.64
"51125950101","125","Census Tract 9501.01, Nelson County, Virginia","Nelson","Charlottlesville",590,297,2180,468,0,13,442,157,0,13,0,13,0,13,0,13,0,13,0,13,0,13,191,199,0.3918,0.069,21.3,0,NA,NA,NA,0,38.82,7.65,50,50,50,6.13
"51125950102","125","Census Tract 9501.02, Nelson County, Virginia","Nelson","Charlottlesville",84,85,1783,406,287,297,36,63,0,13,0,13,0,13,0,13,0,13,0,13,38,48,169,150,0.5953,0.0739,4.5,88.85,NA,NA,NA,18.36,17.31,82.5,50,50,50,24.24
"51125950201","125","Census Tract 9502.01, Nelson County, Virginia","Nelson","Charlottlesville",63,59,1952,269,3,7,123,76,0,13,0,13,0,13,0,13,0,13,0,13,0,13,35,50,0.4415,0.1015,3.13,2.38,NA,NA,NA,0,17.99,8.43,50,50,50,20.63
"51125950202","125","Census Tract 9502.02, Nelson County, Virginia","Nelson","Charlottlesville",87,100,2516,483,3,7,106,94,0,13,0,13,0,13,31,43,0,13,0,13,0,13,58,52,0.4525,0.0716,3.34,2.75,0,NA,NA,0,17.15,6.93,23.21,50,50,20
"51125950300","125","Census Tract 9503, Nelson County, Virginia","Nelson","Charlottlesville",408,223,2798,380,127,123,805,256,0,13,0,13,14,27,0,13,0,13,0,13,39,62,115,118,0.4709,0.0594,12.73,13.63,100,NA,NA,25.32,36.98,32.45,67.5,50,50,34.44
"51670820100","670","Census Tract 8201, Hopewell city, Virginia","Hopewell","Richmond",160,88,610,237,333,236,278,152,0,13,5,8,0,13,22,36,0,13,0,13,0,13,120,92,0.4777,0.0715,20.78,54.5,0,NA,0,0,27.08,60.82,26.53,50,61.9,12.38
"51670820300","670","Census Tract 8203, Hopewell city, Virginia","Hopewell","Richmond",285,179,1063,315,563,243,347,202,0,13,0,13,74,75,115,148,0,13,0,13,157,153,7,11,0.444,0.059,21.14,61.87,39.15,NA,NA,95.73,36.23,54.61,33.63,50,50,93.29
"51670820400","670","Census Tract 8204, Hopewell city, Virginia","Hopewell","Richmond",299,204,2592,459,947,485,1916,503,0,18,0,18,0,18,0,18,0,18,0,18,160,170,373,200,0.4343,0.0445,10.34,33.08,NA,NA,NA,30.02,30.77,49.09,50,50,50,45.95
"51670820500","670","Census Tract 8205, Hopewell city, Virginia","Hopewell","Richmond",301,229,2509,418,132,107,1009,367,0,13,21,35,0,13,0,13,0,13,0,13,0,13,221,155,0.3802,0.0368,10.71,11.57,NA,NA,0,0,35.39,22.57,50,50,27.08,7.74
"51670820600","670","Census Tract 8206, Hopewell city, Virginia","Hopewell","Richmond",534,304,2026,417,780,449,1582,568,0,18,0,18,0,18,91,120,0,18,0,18,203,247,362,180,0.4446,0.0574,20.86,33.02,0,NA,NA,35.93,42.16,44.15,13.04,50,50,57.85
"51670820700","670","Census Tract 8207, Hopewell city, Virginia","Hopewell","Richmond",295,237,466,196,392,165,1345,322,0,13,0,13,0,13,0,13,0,13,0,13,90,124,198,115,0.3801,0.0438,38.76,22.57,NA,NA,NA,31.25,54.73,33.88,50,50,50,51.88
"51670980100","670","Census Tract 9801, Hopewell city, Virginia","Hopewell","Richmond",0,13,0,13,0,13,0,13,0,13,0,13,0,13,0,13,0,13,0,13,0,13,0,13,NA,NA,NA,NA,NA,NA,NA,NA,50,50,50,50,50,50
"51730810100","730","Census Tract 8101, Petersburg city, Virginia","Petersburg City","Richmond",8,12,129,85,838,314,1140,378,0,13,0,13,0,13,0,13,0,13,0,13,19,29,93,106,0.4273,0.0532,5.84,42.37,NA,NA,NA,16.96,12.37,45.38,50,50,50,21.48
"51730810300","730","Census Tract 8103, Petersburg city, Virginia","Petersburg City","Richmond",48,33,791,310,395,257,1084,325,0,13,0,13,2,5,0,13,0,13,0,13,0,13,158,179,0.4368,0.0873,5.72,26.71,100,NA,NA,0,9.62,44.16,27.78,50,50,6.77
"51730810400","730","Census Tract 8104, Petersburg city, Virginia","Petersburg City","Richmond",0,13,119,81,361,170,1048,413,119,66,7,14,0,13,0,13,0,13,0,13,0,13,0,13,0.4227,0.0912,0,25.62,NA,NA,94.44,NA,13.83,29.16,50,50,82.5,50
"51730810500","730","Census Tract 8105, Petersburg city, Virginia","Petersburg City","Richmond",18,19,55,46,610,234,2042,323,0,13,0,13,0,13,19,30,0,13,0,13,10,18,271,249,0.4588,0.1143,24.66,23,0,NA,NA,3.56,29.23,42.01,30.23,50,50,6.74
"51730810600","730","Census Tract 8106, Petersburg city, Virginia","Petersburg City","Richmond",0,13,2,4,575,211,947,239,0,13,0,13,10,15,53,50,0,13,9,10,0,13,0,13,0.5018,0.0566,0,37.78,15.87,0,NA,NA,76.47,46.89,23.08,56.52,50,50
"51730810700","730","Census Tract 8107, Petersburg city, Virginia","Petersburg City","Richmond",146,152,57,53,325,225,1543,536,0,13,0,13,0,13,0,13,0,13,0,13,0,13,0,13,0.5605,0.1436,71.92,17.4,NA,NA,NA,NA,74.15,29.57,50,50,50,50
"51730810900","730","Census Tract 8109, Petersburg city, Virginia","Petersburg City","Richmond",57,53,306,78,534,271,1869,432,0,13,0,13,0,13,6,11,0,13,0,13,77,118,5,10,0.4353,0.0785,15.7,22.22,0,NA,NA,93.9,40.46,38.55,54.17,50,50,92.19
"51730811000","730","Census Tract 8110, Petersburg city, Virginia","Petersburg City","Richmond",164,79,1187,198,365,153,2601,595,0,13,0,13,0,13,16,23,0,13,0,13,0,13,134,102,0.3748,0.0387,12.14,12.31,0,NA,NA,0,28.52,20.45,36.11,50,50,11.3
"51730811100","730","Census Tract 8111, Petersburg city, Virginia","Petersburg City","Richmond",50,41,467,143,177,142,1825,502,0,13,8,20,9,15,94,54,0,13,0,13,0,13,73,69,0.3626,0.0469,9.67,8.84,8.74,NA,0,0,22.28,22.05,21.74,50,39.39,15.85
"51730811200","730","Census Tract 8112, Petersburg city, Virginia","Petersburg City","Richmond",81,56,502,299,593,285,2265,495,0,13,0,13,21,28,71,80,0,13,0,13,150,192,467,289,0.4658,0.1423,13.89,20.75,22.83,NA,NA,24.31,15.77,36.54,25.93,50,50,39.92
"51730811300","730","Census Tract 8113, Petersburg city, Virginia","Petersburg City","Richmond",315,228,374,140,738,268,1539,351,0,13,0,13,0,13,0,13,0,13,0,13,0,13,24,27,0.5014,0.1224,45.72,32.41,NA,NA,NA,0,61.96,43.3,50,50,50,32.5
"51760010201","760","Census Tract 102.01, Richmond city, Virginia","Richmond City","Richmond",14,23,1639,453,164,160,629,309,0,13,0,13,0,13,45,57,0,13,0,13,0,13,0,13,0.5017,0.1257,0.85,20.68,0,NA,NA,NA,4.83,34.12,18.57,50,50,50
"51760010202","760","Census Tract 102.02, Richmond city, Virginia","Richmond City","Richmond",64,63,1448,415,26,39,531,293,0,13,0,13,0,13,0,13,0,13,0,13,0,13,48,55,0.4338,0.1361,4.23,4.67,NA,NA,NA,0,13.18,11.75,50,50,50,19.12
"51760010300","760","Census Tract 103, Richmond city, Virginia","Richmond City","Richmond",5,8,217,178,975,492,662,186,8,15,0,13,0,13,0,13,0,13,0,13,16,20,0,13,0.4577,0.0421,2.25,59.56,NA,NA,100,100,4.3,72.57,50,50,53.57,60.61
"51760010401","760","Census Tract 104.01, Richmond city, Virginia","Richmond City","Richmond",23,29,1821,299,328,158,400,189,0,13,0,13,0,13,36,51,0,13,0,13,11,17,94,79,0.4892,0.0458,1.25,45.05,0,NA,NA,10.48,8.84,45.53,20.31,50,50,17.71
"51760010402","760","Census Tract 104.02, Richmond city, Virginia","Richmond City","Richmond",139,68,1625,354,222,121,588,223,0,13,0,13,0,13,0,13,0,13,0,13,14,23,31,44,0.4722,0.0496,7.88,27.41,NA,NA,NA,31.11,16.11,35.17,50,50,50,34.33
"51760010500","760","Census Tract 105, Richmond city, Virginia","Richmond City","Richmond",6,9,272,86,45,26,1021,234,0,13,0,13,0,13,31,38,0,13,0,13,0,13,8,10,0.4484,0.0446,2.16,4.22,0,NA,NA,0,9.47,10,25.49,50,50,56.52
"51760010600","760","Census Tract 106, Richmond city, Virginia","Richmond City","Richmond",14,15,881,319,182,106,918,172,4,7,23,36,5,9,26,23,0,13,0,13,0,13,36,39,0.4177,0.0536,1.56,16.55,16.13,NA,14.81,0,4.49,38.13,28.12,50,16.28,25
"51760010700","760","Census Tract 107, Richmond city, Virginia","Richmond City","Richmond",33,27,500,162,334,237,1691,395,0,13,6,11,0,13,0,13,0,13,0,13,18,28,28,49,0.4263,0.0843,6.19,16.49,NA,NA,0,39.13,14.29,37.5,50,50,54.17,36.36
"51760010800","760","Census Tract 108, Richmond city, Virginia","Richmond City","Richmond",0,13,306,158,1193,437,3222,1052,7,10,8,14,4,12,72,87,0,13,0,13,7,10,118,101,0.4539,0.0444,0,27.02,5.26,NA,46.67,5.6,7.6,29.35,12.12,50,41.67,9.01
"51760010900","760","Census Tract 109, Richmond city, Virginia","Richmond City","Richmond",169,112,296,106,426,200,1893,649,0,13,0,13,0,13,0,13,0,13,0,13,5,10,24,24,0.5013,0.1172,36.34,18.37,NA,NA,NA,17.24,51.38,23.56,50,50,50,29.41
"51760011000","760","Census Tract 110, Richmond city, Virginia","Richmond City","Richmond",47,39,349,137,449,296,1977,461,0,13,0,13,33,51,20,29,0,13,0,13,0,13,41,42,0.4446,0.0451,11.87,18.51,62.26,NA,NA,0,22.16,39.1,63.75,50,50,23.64
"51760011100","760","Census Tract 111, Richmond city, Virginia","Richmond City","Richmond",101,52,507,162,322,172,1219,277,14,20,0,13,31,40,15,14,0,13,0,13,40,29,16,25,0.4602,0.0634,16.61,20.9,67.39,NA,100,71.43,24.3,38.31,74.07,50,60.61,53.7
"51760020100","760","Census Tract 201, Richmond city, Virginia","Richmond City","Richmond",29,45,36,53,827,249,750,336,0,13,0,13,0,13,21,32,0,13,0,13,39,60,0,13,0.4864,0.133,44.62,52.44,0,NA,NA,100,45.92,42.56,28.89,50,50,82.19
"51760020200","760","Census Tract 202, Richmond city, Virginia","Richmond City","Richmond",37,61,6,10,2571,859,1563,542,0,13,0,13,0,13,0,13,0,13,0,13,33,52,20,29,0.4793,0.0633,86.05,62.19,NA,NA,NA,62.26,85.92,61.31,50,50,50,64.2
"51760020300","760","Census Tract 203, Richmond city, Virginia","Richmond City","Richmond",49,43,273,117,430,185,899,232,0,13,0,13,0,13,36,49,0,13,0,13,4,6,23,44,0.4812,0.0723,15.22,32.36,0,NA,NA,14.81,26.88,44.36,20.97,50,50,12
"51760020400","760","Census Tract 204, Richmond city, Virginia","Richmond City","Richmond",116,105,82,81,1692,384,1651,482,0,13,0,13,0,13,0,13,0,13,0,13,19,31,39,62,0.5731,0.0809,58.59,50.61,NA,NA,NA,32.76,56.45,44.34,50,50,50,33.33
"51760020501","760","Census Tract 205.01, Richmond city, Virginia","Richmond City","Richmond",171,115,1439,446,295,228,900,220,0,13,0,13,9,10,1,3,0,13,0,13,49,62,163,97,0.3852,0.0484,10.62,24.69,90,NA,NA,23.11,20.5,50.89,76.92,50,50,38.99
"51760020502","760","Census Tract 205.02, Richmond city, Virginia","Richmond City","Richmond",304,214,1384,337,65,60,743,574,0,13,0,13,103,93,203,62,0,13,0,13,28,34,113,116,0.4099,0.0453,18.01,8.04,33.66,NA,NA,19.86,38.84,9.46,60,50,50,22.67
"51760020600","760","Census Tract 206, Richmond city, Virginia","Richmond City","Richmond",186,87,1488,526,34,23,445,214,0,13,6,8,25,38,68,50,0,13,0,13,8,12,32,24,0.4121,0.0443,11.11,7.1,26.88,NA,0,20,14.19,9.7,43.18,50,61.9,33.33
"51760020700","760","Census Tract 207, Richmond city, Virginia","Richmond City","Richmond",14,18,331,84,260,94,629,190,0,13,0,13,20,32,22,26,0,13,0,13,0,13,18,17,0.6393,0.1393,4.06,29.25,47.62,NA,NA,0,17.65,33.1,55.17,50,50,43.33
"51760020800","760","Census Tract 208, Richmond city, Virginia","Richmond City","Richmond",110,56,1413,320,67,75,467,456,0,13,11,18,11,17,29,37,0,13,0,13,0,13,37,38,0.4183,0.0473,7.22,12.55,27.5,NA,0,0,14.89,14.12,31.48,50,41.94,25.49
"51760020900","760","Census Tract 209, Richmond city, Virginia","Richmond City","Richmond",37,24,447,124,164,77,2161,569,0,13,0,13,9,11,0,13,0,13,0,13,55,69,150,148,0.5309,0.133,7.64,7.05,100,NA,NA,26.83,16.22,11.92,45.83,50,50,31.8
"51760021000","760","Census Tract 210, Richmond city, Virginia","Richmond City","Richmond",28,33,391,155,780,359,1488,876,0,13,0,13,0,13,0,13,0,13,0,13,1,3,42,35,0.5745,0.108,6.68,34.39,NA,NA,NA,2.33,17.55,29.07,50,50,50,7.89
"51760021100","760","Census Tract 211, Richmond city, Virginia","Richmond City","Richmond",18,23,326,133,309,107,928,339,0,13,0,13,0,13,0,13,0,13,0,13,0,13,48,68,0.4192,0.0436,5.23,24.98,NA,NA,NA,0,14.74,23.99,50,50,50,16.05
"51760021200","760","Census Tract 212, Richmond city, Virginia","Richmond City","Richmond",21,22,291,116,430,239,972,361,0,13,14,26,0,13,0,13,0,13,0,13,0,13,3,5,0.416,0.0589,6.73,30.67,NA,NA,0,0,15.94,39.83,50,50,33.33,72.22
"51760030100","760","Census Tract 301, Richmond city, Virginia","Richmond City","Richmond",32,54,0,13,1533,265,893,451,0,13,0,13,1,4,0,13,0,13,0,13,0,13,0,13,0.4414,0.0652,100,63.19,100,NA,NA,NA,80.6,37.01,23.53,50,50,50
"51760030200","760","Census Tract 302, Richmond city, Virginia","Richmond City","Richmond",244,108,821,340,477,247,994,724,0,13,0,13,25,27,4,5,0,13,0,13,39,39,38,25,0.4785,0.0677,22.91,32.43,86.21,NA,NA,50.65,24.11,25.44,84.38,50,50,60.94
"51760030501","760","Census Tract 305.01, Richmond city, Virginia","Richmond City","Richmond",699,287,514,154,321,254,149,145,0,13,21,36,135,81,66,50,0,13,0,13,65,78,98,76,0.6917,0.172,57.63,68.3,67.16,NA,0,39.88,65.08,63.66,61.83,50,26.53,50.65
"51760030502","760","Census Tract 305.02, Richmond city, Virginia","Richmond City","Richmond",162,97,1143,293,0,13,312,186,0,13,0,13,94,59,53,50,0,13,0,13,19,23,56,49,0.4204,0.0901,12.41,0,63.95,NA,NA,25.33,24.87,6.53,54.13,50,50,31.94
"51760040201","760","Census Tract 402.01, Richmond city, Virginia","Richmond City","Richmond",262,111,318,155,448,277,333,187,0,13,0,13,7,11,9,23,0,13,0,13,31,39,20,26,0.4206,0.0628,45.17,57.36,43.75,NA,NA,60.78,41.73,59.7,32.35,50,50,60
"51760040202","760","Census Tract 402.02, Richmond city, Virginia","Richmond City","Richmond",225,105,1382,270,200,129,177,102,0,13,0,13,73,62,63,46,0,13,0,13,20,32,51,46,0.4631,0.062,14,53.05,53.68,NA,NA,28.17,28,55.84,57.41,50,50,41.03
"51760040300","760","Census Tract 403, Richmond city, Virginia","Richmond City","Richmond",233,84,169,54,141,85,10,16,7,12,0,13,36,26,30,29,0,13,0,13,26,24,0,13,0.7044,0.0502,57.96,93.38,54.55,NA,100,100,60.87,84.16,47.27,50,48,64.86
"51760040400","760","Census Tract 404, Richmond city, Virginia","Richmond City","Richmond",1101,301,2076,498,284,222,178,98,0,13,0,13,91,89,0,13,0,13,0,13,108,59,162,107,0.64,0.0332,34.66,61.47,100,NA,NA,40,37.67,69.38,87.25,50,50,35.54
"51760040500","760","Census Tract 405, Richmond city, Virginia","Richmond City","Richmond",343,145,2558,328,110,122,143,93,0,13,0,13,19,25,61,51,0,13,0,13,22,28,181,115,0.5811,0.0665,11.82,43.48,23.75,NA,NA,10.84,30.66,56.74,32.89,50,50,19.58
"51760040600","760","Census Tract 406, Richmond city, Virginia","Richmond City","Richmond",215,133,1374,286,83,77,130,141,0,13,0,13,53,40,73,70,0,13,0,13,0,13,72,60,0.4027,0.04,13.53,38.97,42.06,NA,NA,0,31.74,35.32,36.36,50,50,17.81
"51760040700","760","Census Tract 407, Richmond city, Virginia","Richmond City","Richmond",71,50,2097,367,30,30,41,32,0,13,0,13,0,13,55,47,0,13,0,13,51,62,60,65,0.3918,0.0339,3.27,42.25,0,NA,NA,45.95,11.99,48.39,21.67,50,50,48.82
"51760040800","760","Census Tract 408, Richmond city, Virginia","Richmond City","Richmond",104,57,1126,147,0,13,39,47,0,13,3,5,17,25,30,29,0,13,0,13,3,4,57,50,0.4751,0.0665,8.46,0,36.17,NA,0,5,27.94,21.67,46.3,50,72.22,7.41
"51760040900","760","Census Tract 409, Richmond city, Virginia","Richmond City","Richmond",39,26,2311,513,4,3,114,94,0,13,1,2,2,4,15,22,0,13,0,13,3,6,34,29,0.4261,0.053,1.66,3.39,11.76,NA,0,8.11,4.82,3.09,15.38,50,86.67,17.14
"51760041000","760","Census Tract 410, Richmond city, Virginia","Richmond City","Richmond",124,64,1921,299,8,13,100,85,0,13,0,13,28,43,76,76,0,13,0,13,14,22,96,112,0.4934,0.0662,6.06,7.41,26.92,NA,NA,12.73,17.63,13.27,36.13,50,50,16.42
"51760041100","760","Census Tract 411, Richmond city, Virginia","Richmond City","Richmond",465,169,2634,536,232,128,88,59,0,13,0,13,14,19,48,39,0,13,0,13,31,30,143,110,0.4396,0.0425,15,72.5,22.58,NA,NA,17.82,23.97,68.45,32.76,50,50,21.43
"51760041200","760","Census Tract 412, Richmond city, Virginia","Richmond City","Richmond",360,155,750,137,28,38,101,98,0,13,0,13,15,19,10,9,0,13,0,13,26,23,28,32,0.5417,0.1062,32.43,21.71,60,NA,NA,48.15,53.08,27.94,67.86,50,50,41.82
"51760041300","760","Census Tract 413, Richmond city, Virginia","Richmond City","Richmond",140,100,889,277,372,134,1553,485,0,13,0,13,36,42,16,13,0,13,0,13,35,41,52,48,0.5551,0.2095,13.61,19.32,69.23,NA,NA,40.23,26.53,21.65,76.36,50,50,46.07
"51760041400","760","Census Tract 414, Richmond city, Virginia","Richmond City","Richmond",91,59,851,180,66,45,1208,356,0,13,0,13,3,4,30,32,0,13,0,13,24,26,26,25,0.4646,0.0752,9.66,5.18,9.09,NA,NA,48,24.69,11.22,11.11,50,50,50.98
"51760041600","760","Census Tract 416, Richmond city, Virginia","Richmond City","Richmond",12,13,812,136,15,16,389,81,0,13,0,13,0,13,65,69,0,13,0,13,0,13,0,13,0.4899,0.1293,1.46,3.71,0,NA,NA,NA,8.72,16.49,15.85,50,50,50
"51760050100","760","Census Tract 501, Richmond city, Virginia","Richmond City","Richmond",122,67,2583,386,111,104,145,69,0,13,0,13,20,31,44,38,0,13,0,13,0,13,11,20,0.5099,0.0436,4.51,43.36,31.25,NA,NA,0,14.79,60.12,44.93,50,50,39.39
"51760050200","760","Census Tract 502, Richmond city, Virginia","Richmond City","Richmond",35,39,2853,368,0,13,0,13,0,13,0,13,0,13,56,59,0,13,0,13,0,13,90,102,0.3451,0.0352,1.21,NA,0,NA,NA,0,9.58,50,18.06,50,50,11.3
"51760050300","760","Census Tract 503, Richmond city, Virginia","Richmond City","Richmond",120,73,1233,159,0,13,0,13,0,13,4,6,0,13,35,31,0,13,0,13,0,13,22,21,0.4894,0.0637,8.87,NA,0,NA,0,0,31.47,50,29.55,50,68.42,38.24
"51065020101","065","Census Tract 201.01, Fluvanna County, Virginia","Fluvanna","Charlottlesville",66,66,4053,525,20,35,858,266,0,18,0,18,115,102,16,16,0,18,0,18,0,18,32,31,0.3325,0.0326,1.6,2.28,87.79,NA,NA,0,11.17,11.63,86.44,50,50,36.73
"51065020103","065","Census Tract 201.03, Fluvanna County, Virginia","Fluvanna","Charlottlesville",98,115,2529,495,82,69,436,294,0,13,0,13,0,13,197,242,0,13,26,44,0,13,257,249,0.7173,0.2189,3.73,15.83,0,0,NA,0,18.85,19.01,5.1,22.81,50,4.96
"51065020104","065","Census Tract 201.04, Fluvanna County, Virginia","Fluvanna","Charlottlesville",68,88,5077,486,0,18,439,127,0,18,0,18,0,18,16,22,0,18,0,18,100,156,127,100,0.3493,0.0381,1.32,0,0,NA,NA,44.05,15.33,12.41,45,50,50,60.94
"51760050400","760","Census Tract 504, Richmond city, Virginia","Richmond City","Richmond",34,28,2366,266,6,10,110,145,0,13,0,13,0,13,29,33,0,13,0,13,0,13,17,26,0.4429,0.0634,1.42,5.17,0,NA,NA,0,9.52,6.45,28.26,50,50,33.33
"51760050500","760","Census Tract 505, Richmond city, Virginia","Richmond City","Richmond",27,24,2779,371,38,22,10,17,9,18,11,18,0,18,0,18,0,18,0,18,0,18,44,40,0.5284,0.0417,0.96,79.17,NA,NA,45,0,6.08,56.41,50,50,50,31.03
"51760050600","760","Census Tract 506, Richmond city, Virginia","Richmond City","Richmond",12,12,2588,321,0,13,79,114,0,13,0,13,0,13,117,119,0,13,0,13,0,13,39,31,0.4714,0.0398,0.46,0,0,NA,NA,0,3.6,10.24,9.85,50,50,29.55
"51760060200","760","Census Tract 602, Richmond city, Virginia","Richmond City","Richmond",80,44,274,158,272,169,1772,448,0,13,0,13,7,15,4,6,0,13,0,13,5,7,57,61,0.4805,0.1511,22.6,13.31,63.64,NA,NA,8.06,21.78,27.39,71.43,50,50,10.29
"51760060400","760","Census Tract 604, Richmond city, Virginia","Richmond City","Richmond",348,357,1147,330,1447,752,2520,985,0,18,0,18,13,25,0,18,0,18,0,18,242,347,31,50,0.4252,0.0789,23.28,36.48,100,NA,NA,88.64,51.97,43.29,58.14,50,50,87.41
"51760060501","760","Census Tract 605.01, Richmond city, Virginia","Richmond City","Richmond",59,64,1123,299,406,219,129,114,0,13,0,13,21,31,70,69,0,13,0,13,0,13,75,106,0.4066,0.0832,4.99,75.89,23.08,NA,NA,0,17.63,65.77,31,50,50,10.92
"51760060502","760","Census Tract 605.02, Richmond city, Virginia","Richmond City","Richmond",172,115,1910,322,159,119,1560,615,0,13,0,13,0,13,0,13,0,13,0,13,0,13,26,31,0.5225,0.0653,8.26,9.25,NA,NA,NA,0,26.32,16.21,50,50,50,29.55
"51760060600","760","Census Tract 606, Richmond city, Virginia","Richmond City","Richmond",104,75,2411,418,0,13,104,77,0,13,0,13,0,13,10,17,0,13,0,13,0,13,59,66,0.437,0.091,4.14,0,0,NA,NA,0,15.21,14.44,43.33,50,50,16.46
"51760060700","760","Census Tract 607, Richmond city, Virginia","Richmond City","Richmond",210,209,448,230,1417,459,3050,841,0,18,16,31,0,18,0,18,0,18,20,33,39,62,261,197,0.438,0.0454,31.91,31.72,NA,0,0,13,47.61,35.31,50,35.29,36.73,23.94
"51760060800","760","Census Tract 608, Richmond city, Virginia","Richmond City","Richmond",348,192,321,144,742,369,1512,384,0,13,0,13,0,13,55,78,0,13,0,13,436,228,439,217,0.3698,0.041,52.02,32.92,0,NA,NA,49.83,57.14,49,14.29,50,50,51.24
"51760060900","760","Census Tract 609, Richmond city, Virginia","Richmond City","Richmond",216,132,402,233,295,208,235,163,0,13,0,13,0,13,30,42,0,13,0,13,76,76,539,340,0.4688,0.083,34.95,55.66,0,NA,NA,12.36,36.16,56.06,23.64,50,50,18.27
"51760061001","760","Census Tract 610.01, Richmond city, Virginia","Richmond City","Richmond",26,34,836,273,628,270,1172,400,0,13,0,13,10,18,0,13,0,13,0,13,0,13,8,15,0.4158,0.0717,3.02,34.89,100,NA,NA,0,11.07,40.3,58.06,50,50,46.43
"51760061002","760","Census Tract 610.02, Richmond city, Virginia","Richmond City","Richmond",97,73,1787,481,150,107,712,332,0,13,0,13,28,54,19,16,0,13,0,13,38,60,82,66,0.3637,0.0949,5.15,17.4,59.57,NA,NA,31.67,13.18,24.37,77.14,50,50,47.62
"51760070100","760","Census Tract 701, Richmond city, Virginia","Richmond City","Richmond",227,183,4434,532,7,6,480,149,0,18,0,18,0,18,121,114,0,18,0,18,0,18,22,43,0.4277,0.0629,4.87,1.44,0,NA,NA,0,25.59,3.87,13.64,50,50,29.51
"51760070300","760","Census Tract 703, Richmond city, Virginia","Richmond City","Richmond",122,111,1713,321,98,84,1175,307,0,13,0,13,0,13,4,6,0,13,0,13,0,13,22,29,0.4615,0.0872,6.65,7.7,0,NA,NA,0,25.69,21.48,68.42,50,50,30.95
"51760070400","760","Census Tract 704, Richmond city, Virginia","Richmond City","Richmond",85,94,2877,282,168,157,487,155,0,13,0,13,0,13,282,172,0,13,0,13,0,13,48,36,0.3994,0.0624,2.87,25.65,0,NA,NA,0,25,50.32,7.03,50,50,26.53
"51760070601","760","Census Tract 706.01, Richmond city, Virginia","Richmond City","Richmond",601,274,1741,398,435,256,2132,765,0,18,20,29,74,96,0,18,0,18,0,18,653,283,2132,584,0.3816,0.0543,25.66,16.95,100,NA,0,23.45,40.77,25.07,84.21,50,38.3,32.64
"51760070602","760","Census Tract 706.02, Richmond city, Virginia","Richmond City","Richmond",83,60,572,233,216,180,1460,267,0,13,0,13,0,13,63,55,0,13,0,13,85,60,527,181,0.4032,0.1248,12.67,12.89,0,NA,NA,13.89,20.48,40.27,19.12,50,50,24.9
"51760070700","760","Census Tract 707, Richmond city, Virginia","Richmond City","Richmond",216,149,1291,388,629,259,3909,1127,0,18,0,18,0,18,39,49,0,18,0,18,215,143,1267,440,0.3708,0.0353,14.33,13.86,0,NA,NA,14.51,27.75,18.69,26.87,50,50,24.53
"51760070802","760","Census Tract 708.02, Richmond city, Virginia","Richmond City","Richmond",377,281,877,327,69,110,786,191,0,13,0,13,40,50,0,13,0,13,0,13,190,170,695,323,0.4341,0.0685,30.06,8.07,100,NA,NA,21.47,46.22,36.54,79.37,50,50,34.48
"51760070803","760","Census Tract 708.03, Richmond city, Virginia","Richmond City","Richmond",527,350,754,354,1056,387,2052,635,0,13,50,56,0,13,0,13,0,13,0,13,54,56,693,360,0.4731,0.0519,41.14,33.98,NA,NA,0,7.23,49.72,37.87,50,50,18.84,13.46
"51760070804","760","Census Tract 708.04, Richmond city, Virginia","Richmond City","Richmond",53,36,640,260,132,171,1866,546,12,19,0,13,0,13,0,13,0,13,0,13,12,19,215,87,0.4394,0.1283,7.65,6.61,NA,NA,100,5.29,12.16,23.85,50,50,59.38,17.92
"51760070901","760","Census Tract 709.01, Richmond city, Virginia","Richmond City","Richmond",424,384,911,387,648,328,2833,1177,0,18,0,18,0,18,0,18,0,18,0,18,10,22,1557,637,0.4105,0.0574,31.76,18.62,NA,NA,NA,0.64,49.81,21.79,50,50,50,3.34
"51760070902","760","Census Tract 709.02, Richmond city, Virginia","Richmond City","Richmond",225,256,390,257,872,637,1272,544,0,13,0,13,1,4,0,13,0,13,0,13,107,159,62,88,0.386,0.0892,36.59,40.67,100,NA,NA,63.31,49.9,53.94,23.53,50,50,64.37
"51760071002","760","Census Tract 710.02, Richmond city, Virginia","Richmond City","Richmond",122,131,1213,481,285,134,2168,676,20,30,0,13,107,78,12,19,0,13,0,13,89,111,307,371,0.365,0.0443,9.14,11.62,89.92,NA,100,22.47,21.41,16.54,80.41,50,69.77,23.03
"51760071003","760","Census Tract 710.03, Richmond city, Virginia","Richmond City","Richmond",46,54,454,165,363,358,1533,307,0,13,0,13,13,21,0,13,0,13,0,13,0,13,56,64,0.3419,0.0704,9.2,19.15,100,NA,NA,0,24.66,53.83,61.76,50,50,16.88
"51760071004","760","Census Tract 710.04, Richmond city, Virginia","Richmond City","Richmond",44,47,31,49,976,322,778,577,0,13,0,13,0,13,15,56,0,13,0,13,0,13,111,167,0.5306,0.0807,58.67,55.64,0,NA,NA,0,48.96,35.82,18.84,50,50,7.22
"51760071100","760","Census Tract 711, Richmond city, Virginia","Richmond City","Richmond",238,164,2390,447,987,544,1427,436,0,18,53,66,0,18,142,100,0,18,0,18,0,18,119,98,0.4865,0.1323,9.06,40.89,0,NA,0,0,26.84,55.51,15.25,50,21.43,15.52
"51065020200","065","Census Tract 202, Fluvanna County, Virginia","Fluvanna","Charlottlesville",189,183,3529,581,160,134,864,207,0,13,18,32,0,13,0,13,0,13,0,13,21,34,285,181,0.421,0.0423,5.08,15.62,NA,NA,0,6.86,23.95,39.3,50,50,28.89,15.81
"51065020300","065","Census Tract 203, Fluvanna County, Virginia","Fluvanna","Charlottlesville",182,110,4442,701,23,41,600,323,0,18,0,18,0,18,24,30,0,18,0,18,0,18,82,82,0.4074,0.0529,3.94,3.69,0,NA,NA,0,13.56,11.26,37.5,50,50,18
"51003010100","003","Census Tract 101, Albemarle County, Virginia","Albemarle","Charlottlesville",274,175,4124,625,4,28,139,136,0,13,0,13,0,13,6,9,0,13,6,11,14,27,65,64,0.5178,0.0787,6.23,2.8,0,0,NA,17.72,21.88,17.07,59.09,54.17,50,29.67
"51003010201","003","Census Tract 102.01, Albemarle County, Virginia","Albemarle","Charlottlesville",192,239,4555,523,15,20,268,125,0,18,15,22,11,18,86,65,0,18,0,18,0,18,151,90,0.3644,0.042,4.04,5.3,11.34,NA,0,0,31.36,13.79,21.69,50,45,16.67
"51003010202","003","Census Tract 102.02, Albemarle County, Virginia","Albemarle","Charlottlesville",104,73,2647,418,0,13,29,37,0,13,0,13,7,11,45,51,0,13,0,13,0,13,131,139,0.4283,0.0499,3.78,0,13.46,NA,NA,0,14.87,26,17.74,50,50,8.55
"51003010301","003","Census Tract 103.01, Albemarle County, Virginia","Albemarle","Charlottlesville",329,168,1317,517,0,13,179,199,0,13,0,13,104,120,39,118,0,13,0,13,10,18,19,34,0.3633,0.0913,19.99,0,72.73,NA,NA,34.48,24.53,6.13,50.42,50,50,34.62
"51003010302","003","Census Tract 103.02, Albemarle County, Virginia","Albemarle","Charlottlesville",12,21,1156,171,0,13,17,28,0,13,0,13,0,13,0,13,0,13,0,13,0,13,191,164,0.3938,0.0925,1.03,0,NA,NA,NA,0,10.94,31.71,50,50,50,7.34
"51003010303","003","Census Tract 103.03, Albemarle County, Virginia","Albemarle","Charlottlesville",130,109,4338,684,0,18,233,173,0,18,0,18,0,18,384,189,0,18,0,18,0,18,411,229,0.3281,0.0316,2.91,0,0,NA,NA,0,13.75,9.42,8.7,50,50,7.29
"51003010401","003","Census Tract 104.01, Albemarle County, Virginia","Albemarle","Charlottlesville",217,107,3571,631,8,14,347,178,0,13,32,43,0,13,0,13,0,13,0,13,0,13,53,64,0.5762,0.0592,5.73,2.25,NA,NA,0,0,14.5,7.29,50,50,23.21,16.88
"51003010402","003","Census Tract 104.02, Albemarle County, Virginia","Albemarle","Charlottlesville",104,95,2501,411,0,13,70,82,0,13,15,25,0,13,144,116,0,13,0,13,0,13,17,26,0.4767,0.0515,3.99,0,0,NA,0,0,18.77,13.68,10.08,50,34.21,33.33
"51003010501","003","Census Tract 105.01, Albemarle County, Virginia","Albemarle","Charlottlesville",63,63,1918,359,0,13,229,203,0,13,0,13,0,13,388,316,0,13,0,13,0,13,107,104,0.3235,0.0454,3.18,0,0,NA,NA,0,14.93,6.02,3.95,50,50,11.11
"51003010502","003","Census Tract 105.02, Albemarle County, Virginia","Albemarle","Charlottlesville",24,30,2129,464,6,11,802,467,21,34,0,13,0,13,83,81,0,13,0,13,0,13,0,13,0.4285,0.0804,1.11,0.74,0,NA,100,NA,6.07,2.3,13.83,50,72.34,50
"51003010602","003","Census Tract 106.02, Albemarle County, Virginia","Albemarle","Charlottlesville",217,108,3609,438,0,13,310,130,0,13,0,13,0,13,71,67,0,13,0,13,12,20,149,93,0.3881,0.0416,5.67,0,0,NA,NA,7.45,19.78,9.09,16.25,50,50,17.7
"51003010603","003","Census Tract 106.03, Albemarle County, Virginia","Albemarle","Charlottlesville",59,78,1282,342,21,37,210,178,0,13,0,13,0,13,180,196,0,13,0,13,0,13,123,125,0.3344,0.0547,4.4,9.09,0,NA,NA,0,18.57,17.21,6.22,50,50,9.42
"51079030101","079","Census Tract 301.01, Greene County, Virginia","Greene","Charlottlesville",250,110,2783,408,68,75,296,308,0,13,0,13,20,31,0,13,0,13,0,13,26,48,284,202,0.4782,0.0693,8.24,18.68,100,NA,NA,8.39,21.24,19.58,70.45,50,50,19.2
"51079030102","079","Census Tract 301.02, Greene County, Virginia","Greene","Charlottlesville",469,285,3779,565,134,175,174,143,0,18,21,30,0,18,126,88,0,18,0,18,0,18,317,208,0.4432,0.0599,11.04,43.51,0,NA,0,0,33.53,55.03,16.98,50,37.5,7.96
"51079030201","079","Census Tract 302.01, Greene County, Virginia","Greene","Charlottlesville",133,95,5365,599,0,18,609,175,0,18,21,31,7,14,140,92,0,18,0,18,315,198,234,67,0.3149,0.031,2.42,0,4.76,NA,0,57.38,13.69,9.33,13.21,50,36.73,74.72
"51079030202","079","Census Tract 302.02, Greene County, Virginia","Greene","Charlottlesville",173,223,3321,501,0,13,217,234,0,13,0,13,0,13,114,138,0,13,0,13,0,13,0,13,0.3361,0.0774,4.95,0,0,NA,NA,NA,30.8,5.26,8.61,50,50,50
"51003010604","003","Census Tract 106.04, Albemarle County, Virginia","Albemarle","Charlottlesville",153,134,2940,615,458,219,369,215,0,13,0,13,46,72,315,222,0,13,0,13,0,13,79,80,0.4619,0.0775,4.95,55.38,12.74,NA,NA,0,17.89,50.46,24.49,50,50,13.98
"51003010701","003","Census Tract 107.01, Albemarle County, Virginia","Albemarle","Charlottlesville",85,67,1336,497,205,251,492,277,0,13,17,27,12,86,421,220,0,13,0,13,6,11,142,144,0.4606,0.0636,5.98,29.41,2.77,NA,0,4.05,11.88,47.54,28.1,50,32.5,7.1
"51003010702","003","Census Tract 107.02, Albemarle County, Virginia","Albemarle","Charlottlesville",66,61,2349,534,168,133,404,292,7,22,0,13,0,13,76,69,0,13,0,13,32,43,347,212,0.437,0.1002,2.73,29.37,0,NA,100,8.44,10.25,31.29,15.85,50,62.86,16.86
"51003010801","003","Census Tract 108.01, Albemarle County, Virginia","Albemarle","Charlottlesville",195,159,1889,347,7,12,320,197,0,13,26,38,0,13,345,199,0,13,0,13,86,118,252,218,0.4161,0.0674,9.36,2.14,0,NA,0,25.44,31.42,5.74,6.13,50,25.49,35.12
"51003010802","003","Census Tract 108.02, Albemarle County, Virginia","Albemarle","Charlottlesville",167,170,1579,354,0,13,460,309,1,11,53,80,0,13,24,31,0,13,21,28,9,15,242,265,0.4903,0.0789,9.56,0,0,0,1.85,3.59,32.44,4.04,29.55,31.71,12.09,5.36
"51003010901","003","Census Tract 109.01, Albemarle County, Virginia","Albemarle","Charlottlesville",301,125,718,167,0,13,50,77,0,13,5,9,42,34,57,37,0,13,0,13,11,16,42,25,0.5433,0.0602,29.54,0,42.42,NA,0,20.75,42.81,14.44,47.89,50,59.09,39.02
"51003010904","003","Census Tract 109.04, Albemarle County, Virginia","Albemarle","Charlottlesville",334,182,523,159,0,18,29,32,0,18,0,18,42,38,130,64,0,18,0,18,66,56,381,244,0.5407,0.0703,38.97,0,24.42,NA,NA,14.77,53.37,36,37.25,50,50,18.67
"51003011000","003","Census Tract 110, Albemarle County, Virginia","Albemarle","Charlottlesville",90,66,6233,749,0,18,25,30,0,18,13,26,44,69,200,163,0,18,0,18,1,2,232,221,0.4814,0.0607,1.42,0,18.03,NA,0,0.43,8.1,37.5,29.74,50,40.91,0.9
"51003011101","003","Census Tract 111.01, Albemarle County, Virginia","Albemarle","Charlottlesville",12,22,1915,327,4,5,19,23,0,13,0,13,0,13,28,35,0,13,0,13,0,13,0,13,0.3912,0.0596,0.62,17.39,0,NA,NA,NA,6.3,17.86,27.08,50,50,50
"51003011102","003","Census Tract 111.02, Albemarle County, Virginia","Albemarle","Charlottlesville",0,13,2373,425,0,13,64,105,0,13,0,13,0,13,13,20,0,13,0,13,0,13,20,62,0.347,0.0541,0,0,0,NA,NA,0,2.97,11.02,39.39,50,50,17.33
"51003011103","003","Census Tract 111.03, Albemarle County, Virginia","Albemarle","Charlottlesville",153,208,3143,528,22,37,56,81,0,13,0,13,0,13,184,133,0,13,0,13,0,13,66,68,0.4967,0.0787,4.64,28.21,0,NA,NA,0,28.26,31.36,8.9,50,50,16.05
"51003011201","003","Census Tract 112.01, Albemarle County, Virginia","Albemarle","Charlottlesville",229,168,3755,510,10,19,260,187,0,13,5,11,0,13,9,18,0,13,0,13,27,52,178,166,0.506,0.0549,5.75,3.7,0,NA,0,13.17,24.78,9.22,41.94,50,54.17,23.85
"51003011202","003","Census Tract 112.02, Albemarle County, Virginia","Albemarle","Charlottlesville",187,163,2978,415,4,8,127,82,0,13,16,27,12,14,110,58,0,13,0,13,3,6,208,126,0.4866,0.0523,5.91,3.05,9.84,NA,0,1.42,28.2,8.89,19.44,50,32.5,4.55
"51003011301","003","Census Tract 113.01, Albemarle County, Virginia","Albemarle","Charlottlesville",497,409,4090,565,2,5,236,180,0,18,0,18,127,175,215,153,0,18,0,18,0,18,255,196,0.357,0.0337,10.83,0.84,37.13,NA,NA,0,41.99,2.7,53.35,50,50,8.41
"51003011302","003","Census Tract 113.02, Albemarle County, Virginia","Albemarle","Charlottlesville",952,412,2312,427,97,90,441,340,0,13,70,58,38,63,321,286,0,13,0,13,331,355,873,384,0.3961,0.0504,29.17,18.03,10.58,NA,0,27.49,49.11,20.93,18.05,50,18.31,48.04
"51003011303","003","Census Tract 113.03, Albemarle County, Virginia","Albemarle","Charlottlesville",285,165,2614,430,0,13,363,213,0,13,0,13,0,13,247,99,0,13,0,13,9,11,242,157,0.3668,0.0411,9.83,0,0,NA,NA,3.59,27.73,5.75,11.61,50,50,6.55
"51003011400","003","Census Tract 114, Albemarle County, Virginia","Albemarle","Charlottlesville",267,201,3523,484,182,120,1176,337,0,18,0,18,0,18,17,18,0,18,21,28,1,2,217,230,0.4012,0.0373,7.04,13.4,0,0,NA,0.46,29.34,26.26,50,39.13,50,0.86
"51087200106","087","Census Tract 2001.06, Henrico County, Virginia","Henrico","Richmond",517,261,2632,487,108,92,816,353,0,13,0,13,148,127,245,173,0,13,0,13,223,132,431,223,0.4182,0.0365,16.42,11.69,37.66,NA,NA,34.1,34.89,20.67,42.33,50,50,37.18
"51087200108","087","Census Tract 2001.08, Henrico County, Virginia","Henrico","Richmond",74,85,2628,355,2,5,0,13,0,13,0,13,0,13,108,107,16,23,0,13,0,13,38,44,0.4712,0.0389,2.74,100,0,100,NA,0,19.32,27.78,10.83,63.89,50,22.81
"51087200109","087","Census Tract 2001.09, Henrico County, Virginia","Henrico","Richmond",22,46,3811,588,10,20,113,120,0,13,0,13,0,13,21,27,0,13,0,13,0,13,60,59,0.401,0.0485,0.57,8.13,0,NA,NA,0,7.26,14.29,32.5,50,50,18.06
"51087200122","087","Census Tract 2001.22, Henrico County, Virginia","Henrico","Richmond",82,83,3464,489,2,6,324,191,0,13,0,13,0,13,469,171,0,13,5,10,0,13,227,278,0.3711,0.0437,2.31,0.61,0,0,NA,0,14.51,3.05,7.07,56.52,50,4.47
"51087200123","087","Census Tract 2001.23, Henrico County, Virginia","Henrico","Richmond",135,115,1984,328,35,40,749,300,0,13,0,13,0,13,57,70,0,13,0,13,369,361,292,273,0.4057,0.0785,6.37,4.46,0,NA,NA,55.82,25.96,11.76,15.66,50,50,56.94
"51087200124","087","Census Tract 2001.24, Henrico County, Virginia","Henrico","Richmond",103,57,3766,417,10,18,332,182,0,18,0,18,0,18,73,63,0,18,0,18,510,639,300,198,0.4634,0.0523,2.66,2.92,0,NA,NA,62.96,12.03,9,22.22,50,50,76.34
"51087200125","087","Census Tract 2001.25, Henrico County, Virginia","Henrico","Richmond",383,237,1122,359,92,73,531,208,0,13,73,70,64,73,1118,260,0,13,0,13,8,12,83,118,0.4029,0.0655,25.45,14.77,5.41,NA,0,8.79,39.77,25.98,21.92,50,15.66,9.23
"51087200126","087","Census Tract 2001.26, Henrico County, Virginia","Henrico","Richmond",147,95,1330,287,45,60,552,174,0,13,24,42,46,73,775,322,0,13,0,13,57,87,326,261,0.389,0.0713,9.95,7.54,5.6,NA,0,14.88,24.87,25.64,18.48,50,23.64,25
"51087200127","087","Census Tract 2001.27, Henrico County, Virginia","Henrico","Richmond",98,69,4693,762,0,18,419,308,0,18,0,18,82,129,358,159,0,18,0,18,26,45,89,96,0.4043,0.0485,2.05,0,18.64,NA,NA,22.61,8.3,5.52,44.79,50,50,31.91
"51087200131","087","Census Tract 2001.31, Henrico County, Virginia","Henrico","Richmond",106,82,1299,289,40,72,38,58,0,13,0,13,0,13,351,316,0,13,0,13,0,13,0,13,0.4316,0.0677,7.54,51.28,0,NA,NA,NA,22.1,55.38,3.95,50,50,50
"51087200132","087","Census Tract 2001.32, Henrico County, Virginia","Henrico","Richmond",129,110,2945,460,0,13,14,22,0,13,8,17,0,13,563,587,0,13,0,13,55,65,355,207,0.377,0.0532,4.2,0,0,NA,0,13.41,19.3,37.14,2.17,50,43.33,23.9
"51087200133","087","Census Tract 2001.33, Henrico County, Virginia","Henrico","Richmond",48,44,1901,425,0,13,411,221,0,13,0,13,32,47,156,128,0,13,0,13,0,13,32,39,0.4719,0.0806,2.46,0,17.02,NA,NA,0,9.38,5.56,26.86,50,50,25
"51087200134","087","Census Tract 2001.34, Henrico County, Virginia","Henrico","Richmond",275,240,3988,800,121,153,281,164,0,18,0,18,0,18,255,266,0,18,0,18,37,43,120,131,0.4953,0.0445,6.45,30.1,0,NA,NA,23.57,23.08,48.26,6.34,50,50,24.71
"51087200135","087","Census Tract 2001.35, Henrico County, Virginia","Henrico","Richmond",47,57,1817,287,3,5,26,55,0,13,0,13,0,13,167,120,0,13,0,13,0,13,38,44,0.3559,0.0615,2.52,10.34,0,NA,NA,0,16.57,8.33,9.77,50,50,22.81
"51087200136","087","Census Tract 2001.36, Henrico County, Virginia","Henrico","Richmond",259,165,1902,424,0,13,444,464,0,13,0,13,0,13,67,77,0,13,25,31,0,13,67,92,0.4985,0.0445,11.99,0,0,0,NA,0,28.01,2.73,14.44,29.55,50,12.38
"51087200137","087","Census Tract 2001.37, Henrico County, Virginia","Henrico","Richmond",140,142,1512,254,0,13,190,185,0,13,0,13,0,13,0,13,0,13,0,13,52,70,30,35,0.4291,0.0644,8.47,0,NA,NA,NA,63.41,35.86,6.57,50,50,50,66.67
"51087200138","087","Census Tract 2001.38, Henrico County, Virginia","Henrico","Richmond",2,4,3025,390,697,922,620,506,0,13,0,13,13,24,138,137,0,13,0,13,0,13,38,44,0.4222,0.063,0.07,52.92,8.61,NA,NA,0,1.02,64.57,14.91,50,50,22.81
"51087200139","087","Census Tract 2001.39, Henrico County, Virginia","Henrico","Richmond",114,87,3109,661,0,13,236,275,0,13,0,13,33,55,570,353,0,13,0,13,0,13,169,158,0.433,0.07,3.54,0,5.47,NA,NA,0,11.63,4.51,13.48,50,50,7.6
"51087200140","087","Census Tract 2001.40, Henrico County, Virginia","Henrico","Richmond",270,347,2886,469,49,71,349,212,0,13,0,13,0,13,552,140,0,13,0,13,0,13,49,60,0.4596,0.0575,8.56,12.31,0,NA,NA,0,42.52,25.09,8.5,50,50,17.81
"51087200141","087","Census Tract 2001.41, Henrico County, Virginia","Henrico","Richmond",49,54,1605,333,0,13,63,99,0,13,0,13,0,13,1005,416,0,13,0,13,0,13,190,281,0.4469,0.074,2.96,0,0,NA,NA,0,13.95,11.61,3.03,50,50,4.42
"51087200142","087","Census Tract 2001.42, Henrico County, Virginia","Henrico","Richmond",15,21,3243,419,3,4,1,3,0,13,2,4,0,13,553,267,0,13,0,13,0,13,338,264,0.3338,0.0422,0.46,75,0,NA,0,0,4.77,57.14,4.64,50,76.47,4.69
"51087200143","087","Census Tract 2001.43, Henrico County, Virginia","Henrico","Richmond",44,75,1457,342,0,13,174,134,0,13,0,13,0,13,259,224,0,13,0,13,0,13,69,100,0.3445,0.0489,2.93,0,0,NA,NA,0,17.99,8.84,5.49,50,50,11.5
"51087200144","087","Census Tract 2001.44, Henrico County, Virginia","Henrico","Richmond",52,56,981,280,0,13,888,717,0,13,0,13,0,13,1427,396,0,13,0,13,0,13,37,43,0.3536,0.0661,5.03,0,0,NA,NA,0,16.67,1.78,3.18,50,50,23.21
"51087200145","087","Census Tract 2001.45, Henrico County, Virginia","Henrico","Richmond",39,51,3154,587,0,13,80,79,0,13,0,13,0,13,1216,499,0,13,0,13,0,13,79,84,0.3708,0.0356,1.22,0,0,NA,NA,0,7.99,14.13,2.54,50,50,13.4
"51087200146","087","Census Tract 2001.46, Henrico County, Virginia","Henrico","Richmond",50,57,2167,221,0,13,278,235,0,13,0,13,0,13,458,193,0,13,0,13,0,13,0,13,0.4136,0.0842,2.26,0,0,NA,NA,NA,20.5,5.24,6.31,50,50,50
"51087200147","087","Census Tract 2001.47, Henrico County, Virginia","Henrico","Richmond",118,118,4520,1341,44,55,56,63,0,18,0,18,148,205,2331,675,0,18,0,18,0,18,135,145,0.2924,0.0533,2.54,44,5.97,NA,NA,0,8.09,46.61,23.3,50,50,11.04
"51087200148","087","Census Tract 2001.48, Henrico County, Virginia","Henrico","Richmond",0,13,2457,294,0,13,38,45,0,13,0,13,154,246,1473,329,0,13,0,13,0,13,303,248,0.3328,0.0571,0,0,9.47,NA,NA,0,4.23,22.41,42.78,50,50,4.98
"51087200149","087","Census Tract 2001.49, Henrico County, Virginia","Henrico","Richmond",387,246,2166,409,0,13,139,201,0,13,0,13,0,13,1781,503,0,13,0,13,0,13,349,239,0.4725,0.0567,15.16,0,0,NA,NA,0,37.56,6.07,2.52,50,50,5.16
"51087200150","087","Census Tract 2001.50, Henrico County, Virginia","Henrico","Richmond",140,148,2141,382,0,13,171,160,0,13,0,13,0,13,1897,373,0,13,0,13,0,13,0,13,0.3662,0.0428,6.14,0,0,NA,NA,NA,27.92,7.51,3.37,50,50,50
"51087200151","087","Census Tract 2001.51, Henrico County, Virginia","Henrico","Richmond",102,82,3785,933,267,392,687,246,0,18,45,71,0,18,902,279,0,18,0,18,0,18,377,325,0.4115,0.0749,2.62,27.99,0,NA,0,0,8.08,61.44,6.06,50,20.22,5.25
"51087200152","087","Census Tract 2001.52, Henrico County, Virginia","Henrico","Richmond",22,36,2371,485,0,13,354,365,0,13,0,13,0,13,0,13,0,13,0,13,67,89,94,138,0.3339,0.0457,0.92,0,NA,NA,NA,41.61,6.91,3.44,50,50,50,39.21
"51087200153","087","Census Tract 2001.53, Henrico County, Virginia","Henrico","Richmond",303,204,1837,722,100,126,481,271,0,13,0,13,0,13,519,462,0,13,0,13,115,163,602,456,0.4899,0.1107,14.16,17.21,0,NA,NA,16.04,22.03,31.74,2.74,50,50,26.33
"51087200201","087","Census Tract 2002.01, Henrico County, Virginia","Henrico","Richmond",74,77,2432,314,28,43,77,69,0,13,0,13,17,27,29,27,0,13,0,13,0,13,78,80,0.3479,0.0476,2.95,26.67,36.96,NA,NA,0,19.69,38.39,50,50,50,13.98
"51087200202","087","Census Tract 2002.02, Henrico County, Virginia","Henrico","Richmond",26,27,3934,555,0,13,0,13,0,13,0,13,10,16,47,42,0,13,0,13,0,13,0,13,0.4198,0.0405,0.66,NA,17.54,NA,NA,NA,4.64,50,27.59,50,50,50
"51087200301","087","Census Tract 2003.01, Henrico County, Virginia","Henrico","Richmond",72,48,1199,288,0,13,194,233,2,3,2,5,73,76,78,53,0,13,0,13,0,13,0,13,0.4283,0.0717,5.66,0,48.34,NA,50,NA,14.29,5.28,58.91,50,37.5,50
"51087200302","087","Census Tract 2003.02, Henrico County, Virginia","Henrico","Richmond",163,172,2790,590,2,3,62,78,0,13,64,65,0,13,214,143,0,13,0,13,7,12,89,105,0.4126,0.0642,5.52,3.12,0,NA,0,7.29,22.57,3.7,8.33,50,16.67,10.26
"51087200303","087","Census Tract 2003.03, Henrico County, Virginia","Henrico","Richmond",290,231,1993,402,84,79,385,231,0,13,0,13,0,13,226,107,0,13,0,13,188,232,412,383,0.3511,0.0276,12.7,17.91,0,NA,NA,31.33,36.49,25.48,10.83,50,50,37.72
"51087200305","087","Census Tract 2003.05, Henrico County, Virginia","Henrico","Richmond",210,155,2615,550,61,82,558,333,0,13,10,18,76,52,366,216,0,13,0,13,162,133,394,263,0.4334,0.0549,7.43,9.85,17.19,NA,0,29.14,21.99,19.76,19.4,50,41.94,33.59
"51087200404","087","Census Tract 2004.04, Henrico County, Virginia","Henrico","Richmond",148,89,1856,465,64,75,366,151,0,13,0,13,32,47,75,82,0,13,0,13,0,13,393,265,0.3806,0.0607,7.39,14.88,29.91,NA,NA,0,16.06,33.19,36.43,50,50,4.68
"51087200407","087","Census Tract 2004.07, Henrico County, Virginia","Henrico","Richmond",388,186,2982,795,0,18,1086,424,0,18,0,18,39,62,830,336,0,18,0,18,115,143,410,434,0.3742,0.0383,11.51,0,4.49,NA,NA,21.9,18.96,4.07,15.58,50,50,24.78
"51087200409","087","Census Tract 2004.09, Henrico County, Virginia","Henrico","Richmond",192,171,932,323,34,31,424,201,0,13,28,27,48,58,197,154,0,13,0,13,40,36,511,307,0.3982,0.0465,17.08,7.42,19.59,NA,0,7.26,34.62,13.36,27.36,50,32.5,10.5
"51087200411","087","Census Tract 2004.11, Henrico County, Virginia","Henrico","Richmond",201,151,2146,484,123,138,1615,468,0,13,0,13,64,105,245,222,0,13,0,13,90,116,297,216,0.3425,0.036,8.56,7.08,20.71,NA,NA,23.26,23.78,22.77,32.11,50,50,34.94
"51087200412","087","Census Tract 2004.12, Henrico County, Virginia","Henrico","Richmond",228,114,512,179,76,54,883,249,0,13,0,13,0,13,7,10,0,13,14,23,146,111,613,252,0.3863,0.1198,30.81,7.92,0,0,NA,19.24,38.91,17.82,56.52,36.11,50,30.58
"51087200413","087","Census Tract 2004.13, Henrico County, Virginia","Henrico","Richmond",55,61,3475,339,0,13,356,117,0,13,0,13,0,13,513,190,0,13,0,13,0,13,279,279,0.3661,0.0449,1.56,0,0,NA,NA,0,15.25,10,6.4,50,50,4.45
"51087200414","087","Census Tract 2004.14, Henrico County, Virginia","Henrico","Richmond",268,342,3278,699,0,18,876,400,0,18,0,18,149,141,1289,462,0,18,0,18,0,18,323,216,0.3699,0.0355,7.56,0,10.36,NA,NA,0,32.85,4.31,23.38,50,50,7.69
"51087200415","087","Census Tract 2004.15, Henrico County, Virginia","Henrico","Richmond",168,157,3242,930,30,47,503,184,0,13,0,13,34,45,431,148,0,13,0,13,0,13,49,60,0.4926,0.092,4.93,5.63,7.31,NA,NA,0,14.44,20.35,23.32,50,50,17.81
"51087200416","087","Census Tract 2004.16, Henrico County, Virginia","Henrico","Richmond",223,178,4439,681,2,4,646,231,0,18,0,18,0,18,206,181,0,18,0,18,0,18,80,81,0.3549,0.0357,4.78,0.31,0,NA,NA,0,20.72,1.7,9.05,50,50,18.18
"51087200417","087","Census Tract 2004.17, Henrico County, Virginia","Henrico","Richmond",164,108,981,414,0,13,742,319,0,13,0,13,0,13,75,77,0,13,0,13,8,16,46,62,0.3374,0.0709,14.32,0,0,NA,NA,14.81,20.69,3.92,14.44,50,50,20.51
"51087200418","087","Census Tract 2004.18, Henrico County, Virginia","Henrico","Richmond",276,289,857,480,122,153,745,449,0,13,0,13,499,668,137,131,0,13,0,13,471,371,441,297,0.3864,0.0631,24.36,14.07,78.46,NA,NA,51.64,37.58,25.42,83.6,50,50,55.54
"51087200501","087","Census Tract 2005.01, Henrico County, Virginia","Henrico","Richmond",206,139,714,170,96,58,346,166,0,13,0,13,29,43,193,119,0,13,0,13,87,67,315,179,0.3402,0.0492,22.39,21.72,13.06,NA,NA,21.64,44.98,25.89,26.54,50,50,27.24
"51087200502","087","Census Tract 2005.02, Henrico County, Virginia","Henrico","Richmond",38,34,1499,297,10,16,361,202,0,13,0,13,0,13,68,68,0,13,0,13,8,14,455,221,0.3247,0.0406,2.47,2.7,0,NA,NA,1.73,10.27,7.34,16.05,50,50,5.96
"51087200503","087","Census Tract 2005.03, Henrico County, Virginia","Henrico","Richmond",131,94,2694,362,223,173,933,606,0,13,0,13,0,13,188,159,0,13,20,32,6,7,244,182,0.3645,0.0432,4.64,19.29,0,0,NA,2.4,20.61,22.21,7.56,28.89,50,3.7
"51087200600","087","Census Tract 2006, Henrico County, Virginia","Henrico","Richmond",506,373,3082,606,61,71,573,190,0,13,0,13,0,13,304,238,0,13,0,13,108,121,495,370,0.4909,0.0781,14.1,9.62,0,NA,NA,17.91,38.1,27.2,5.18,50,50,24.64
"51087200700","087","Census Tract 2007, Henrico County, Virginia","Henrico","Richmond",289,156,2140,429,257,230,600,230,0,13,0,13,0,13,75,95,0,13,0,13,60,86,103,73,0.4838,0.0529,11.9,29.99,0,NA,NA,36.81,26.67,50,12.04,50,50,54.09
"51087200801","087","Census Tract 2008.01, Henrico County, Virginia","Henrico","Richmond",90,59,1859,299,141,70,729,159,0,13,0,13,0,13,118,108,0,13,0,13,13,30,90,93,0.3728,0.0369,4.62,16.21,0,NA,NA,12.62,16.48,30.57,10.74,50,50,24.39
"51087200802","087","Census Tract 2008.02, Henrico County, Virginia","Henrico","Richmond",48,34,974,219,22,17,461,128,0,13,0,13,13,23,83,61,0,13,9,16,7,10,40,43,0.4,0.0639,4.7,4.55,13.54,0,NA,14.89,13.44,11.72,27.38,44.83,50,18.87
"51087200805","087","Census Tract 2008.05, Henrico County, Virginia","Henrico","Richmond",0,13,552,329,1398,452,2247,1345,0,13,6,12,0,13,0,13,0,13,0,13,41,72,88,116,0.6129,0.1996,0,38.35,NA,NA,0,31.78,3.8,25.15,50,50,52,38.3
"51087200806","087","Census Tract 2008.06, Henrico County, Virginia","Henrico","Richmond",87,109,221,177,63,127,1252,370,0,13,0,13,0,13,0,13,0,13,0,13,0,13,329,268,0.3022,0.0597,28.25,4.79,NA,NA,NA,0,38.11,25.55,50,50,50,4.63
"51087200807","087","Census Tract 2008.07, Henrico County, Virginia","Henrico","Richmond",40,62,232,120,737,421,3416,692,0,13,61,95,0,13,0,13,0,13,0,13,105,127,101,93,0.435,0.0607,14.71,17.75,NA,NA,0,50.97,34.07,37.83,50,50,12.04,57.73
"51087200904","087","Census Tract 2009.04, Henrico County, Virginia","Henrico","Richmond",95,58,2294,635,35,41,3048,574,0,18,0,18,28,47,422,427,0,18,0,18,0,18,7,16,0.4127,0.059,3.98,1.14,6.22,NA,NA,0,8.37,6.67,9.92,50,50,52.94
"51087200905","087","Census Tract 2009.05, Henrico County, Virginia","Henrico","Richmond",115,133,2149,679,0,18,1853,504,0,18,0,18,0,18,394,249,0,18,0,18,28,48,577,641,0.3643,0.0615,5.08,0,0,NA,NA,4.63,16.38,3.45,6.74,50,50,6.97
"51087200906","087","Census Tract 2009.06, Henrico County, Virginia","Henrico","Richmond",186,162,2644,354,11,18,883,185,0,13,7,14,56,55,233,61,0,13,0,13,88,117,193,141,0.3094,0.0359,6.57,1.23,19.38,NA,0,31.32,31.4,8.87,47.41,50,48.15,45.35
"51087200907","087","Census Tract 2009.07, Henrico County, Virginia","Henrico","Richmond",83,87,2677,551,212,220,581,341,0,13,0,13,0,13,170,194,0,13,0,13,21,32,59,88,0.4092,0.0682,3.01,26.73,0,NA,NA,26.25,13.64,39.22,6.28,50,50,26.67
"51087200908","087","Census Tract 2009.08, Henrico County, Virginia","Henrico","Richmond",84,74,1113,396,46,65,1162,355,0,13,0,13,13,23,329,270,0,13,0,13,151,165,361,217,0.5929,0.2223,7.02,3.81,3.8,NA,NA,29.49,15.74,15.48,7.85,50,50,43.19
"51087201001","087","Census Tract 2010.01, Henrico County, Virginia","Henrico","Richmond",65,78,511,196,205,183,6037,1094,0,18,0,18,0,18,31,35,0,18,0,18,0,18,97,71,0.3788,0.0616,11.28,3.28,0,NA,NA,0,28.47,14.33,33.96,50,50,20.22
"51087201002","087","Census Tract 2010.02, Henrico County, Virginia","Henrico","Richmond",71,56,349,99,640,426,1870,444,0,13,0,13,41,61,0,13,0,13,0,13,0,13,0,13,0.3432,0.0513,16.9,25.5,100,NA,NA,NA,36.13,48.97,82.43,50,50,50
"51087201003","087","Census Tract 2010.03, Henrico County, Virginia","Henrico","Richmond",28,31,147,121,844,485,4953,984,0,18,0,18,0,18,64,106,0,18,0,18,244,172,12,20,0.5291,0.1668,16,14.56,0,NA,NA,95.31,20.39,33.02,14.52,50,50,89.58
"51087201102","087","Census Tract 2011.02, Henrico County, Virginia","Henrico","Richmond",95,53,879,256,338,254,3035,858,0,13,0,13,14,23,35,48,0,13,0,13,0,13,171,145,0.3219,0.0363,9.75,10.02,28.57,NA,NA,0,17.15,22.84,32.39,50,50,8.23
"51087201103","087","Census Tract 2011.03, Henrico County, Virginia","Henrico","Richmond",39,43,253,217,200,123,2464,423,0,13,0,13,0,13,25,42,0,13,0,13,18,28,173,203,0.4157,0.0653,13.36,7.51,0,NA,NA,9.42,16.54,22.53,23.64,50,50,12.12
"51087201104","087","Census Tract 2011.04, Henrico County, Virginia","Henrico","Richmond",22,37,483,184,210,132,2166,467,0,13,0,13,0,13,7,14,0,13,0,13,0,13,55,55,0.4226,0.0603,4.36,8.84,0,NA,NA,0,16.74,22.04,48.15,50,50,19.12
"51087201203","087","Census Tract 2012.03, Henrico County, Virginia","Henrico","Richmond",0,13,283,153,368,311,1927,517,0,13,0,13,0,13,0,13,0,13,0,13,1,2,6,55,0.3691,0.0676,0,16.03,NA,NA,NA,14.29,7.83,37.56,50,50,50,3.51
"51087201204","087","Census Tract 2012.04, Henrico County, Virginia","Henrico","Richmond",456,438,1471,440,434,522,1274,485,0,13,37,59,0,13,0,13,0,13,0,13,12,23,37,59,0.44,0.0912,23.66,25.41,NA,NA,0,24.49,49.89,51.84,50,50,18.06,28.05
"51087201205","087","Census Tract 2012.05, Henrico County, Virginia","Henrico","Richmond",110,93,842,239,677,387,1691,399,0,13,0,13,0,13,0,13,0,13,0,13,0,13,164,210,0.2979,0.0388,11.55,28.59,NA,NA,NA,0,28.01,49.24,50,50,50,5.83
"51087201206","087","Census Tract 2012.06, Henrico County, Virginia","Henrico","Richmond",43,51,80,106,145,117,2198,514,0,13,0,13,0,13,0,13,0,13,0,13,0,13,0,13,0.4317,0.1064,34.96,6.19,NA,NA,NA,NA,32.48,18.54,50,50,50,50
"51087201403","087","Census Tract 2014.03, Henrico County, Virginia","Henrico","Richmond",293,141,1942,392,95,86,2912,977,0,18,39,58,0,18,0,18,0,18,0,18,0,18,37,61,0.3737,0.0371,13.11,3.16,NA,NA,0,0,26.45,8.09,50,50,23.68,22.78
"51087201404","087","Census Tract 2014.04, Henrico County, Virginia","Henrico","Richmond",122,127,3661,719,114,143,488,209,0,13,95,95,0,13,62,101,0,13,0,13,0,13,50,47,0.3568,0.0711,3.22,18.94,0,NA,0,0,15.01,40.62,11.4,50,12.04,21.67
"51087201405","087","Census Tract 2014.05, Henrico County, Virginia","Henrico","Richmond",0,13,0,13,0,13,2267,1152,0,13,0,13,0,13,0,13,0,13,0,13,0,13,0,13,0.2585,0.0453,NA,0,NA,NA,NA,NA,50,1.12,50,50,50,50
"51087201406","087","Census Tract 2014.06, Henrico County, Virginia","Henrico","Richmond",48,47,1075,249,721,356,1450,368,0,13,8,16,18,33,40,70,0,13,0,13,0,13,128,195,0.4053,0.053,4.27,33.21,31.03,NA,0,0,15.88,49.17,32.04,50,44.83,6.25
"51087201502","087","Census Tract 2015.02, Henrico County, Virginia","Henrico","Richmond",175,160,2103,432,12,14,2563,607,0,18,35,35,21,36,21,22,0,18,0,18,0,18,312,290,0.2942,0.0395,7.68,0.47,50,NA,0,0,27.03,2.25,62.07,50,33.96,5.84
"51087201503","087","Census Tract 2015.03, Henrico County, Virginia","Henrico","Richmond",33,57,1104,382,257,217,3817,856,0,18,0,18,0,18,0,18,0,18,0,18,0,18,43,70,0.3806,0.0413,2.9,6.31,NA,NA,NA,0,12.98,20.22,50,50,50,20.45
"51087201504","087","Census Tract 2015.04, Henrico County, Virginia","Henrico","Richmond",127,98,531,250,852,420,1932,634,0,13,0,13,0,13,13,20,0,13,0,13,13,22,151,126,0.4608,0.0505,19.3,30.6,0,NA,NA,7.93,28.16,39.85,39.39,50,50,14.86
"51087201601","087","Census Tract 2016.01, Henrico County, Virginia","Henrico","Richmond",171,160,2531,452,76,83,804,453,0,13,0,13,0,13,0,13,0,13,0,13,0,13,86,124,0.332,0.0534,6.33,8.64,NA,NA,NA,0,26.14,15.49,50,50,50,9.49
"51087201602","087","Census Tract 2016.02, Henrico County, Virginia","Henrico","Richmond",156,175,2507,342,75,142,2149,591,0,18,0,18,0,18,5,12,0,18,0,18,0,18,163,168,0.4442,0.0645,5.86,3.37,0,NA,NA,0,33.85,19.37,60,50,50,9.68
"51087201701","087","Census Tract 2017.01, Henrico County, Virginia","Henrico","Richmond",120,77,2051,383,39,66,781,321,0,13,10,15,0,13,67,88,0,13,0,13,0,13,362,280,0.3186,0.039,5.53,4.76,0,NA,0,0,16.74,17.05,12.87,50,46.43,4.44
"51087980100","087","Census Tract 9801, Henrico County, Virginia","Henrico","Richmond",0,13,0,13,0,13,0,13,0,13,0,13,0,13,0,13,0,13,0,13,0,13,0,13,NA,NA,NA,NA,NA,NA,NA,NA,50,50,50,50,50,50
