"GEOID","County_fips","NAME","County","Region","White_ownersE","White_ownersM","White_rentersE","White_rentersM","Black_ownersE","Black_ownersM","Black_rentersE","Black_rentersM","NativeAm_ownersE","NativeAm_ownersM","NativeAm_rentersE","NativeAm_rentersM","Asian_ownersE","Asian_ownersM","Asian_rentersE","Asian_rentersM","PacificIslander_ownerE","PacificIslander_ownerM","PacificIslander_renterE","PacificIslander_renterM","HispanicLatino_ownerE","HispanicLatino_ownerM","HispanicLation_renterE","HispanicLation_renterM"
"51540000201","540","Census Tract 2.01, Charlottesville city, Virginia","Charlottesville","Charlottlesville",177,53,572,137,76,43,141,51,0,13,0,13,9,14,17,19,0,13,0,13,8,19,128,98
"51540000202","540","Census Tract 2.02, Charlottesville city, Virginia","Charlottesville","Charlottlesville",77,50,901,181,113,106,285,184,0,18,13,24,0,18,155,80,0,18,0,18,0,18,64,54
"51540000302","540","Census Tract 3.02, Charlottesville city, Virginia","Charlottesville","Charlottlesville",484,106,832,221,11,14,85,61,0,13,13,20,6,10,22,26,0,13,0,13,26,33,109,98
"51540000401","540","Census Tract 4.01, Charlottesville city, Virginia","Charlottesville","Charlottlesville",520,147,364,120,150,116,374,143,0,13,0,13,28,31,12,22,0,13,0,13,61,75,32,46
"51540000402","540","Census Tract 4.02, Charlottesville city, Virginia","Charlottesville","Charlottlesville",1087,192,723,206,67,68,164,101,0,13,19,32,42,58,0,13,0,13,0,13,37,61,0,13
"51540000501","540","Census Tract 5.01, Charlottesville city, Virginia","Charlottesville","Charlottlesville",311,112,434,126,266,145,484,164,0,13,0,13,30,30,58,43,0,13,0,13,9,15,29,28
"51540000502","540","Census Tract 5.02, Charlottesville city, Virginia","Charlottesville","Charlottlesville",838,203,741,200,12,24,218,73,0,18,0,18,22,27,90,89,0,18,0,18,12,24,62,83
"51540000600","540","Census Tract 6, Charlottesville city, Virginia","Charlottesville","Charlottlesville",83,52,643,153,10,17,127,77,0,13,0,13,3,7,291,110,0,13,0,13,0,13,55,35
"51540000700","540","Census Tract 7, Charlottesville city, Virginia","Charlottesville","Charlottlesville",817,101,683,137,7,15,0,13,0,13,30,45,4,7,84,60,0,13,0,13,11,21,25,25
"51540000800","540","Census Tract 8, Charlottesville city, Virginia","Charlottesville","Charlottlesville",899,156,251,89,41,37,160,80,0,13,0,13,30,31,39,33,0,13,0,13,14,23,52,51
"51540000900","540","Census Tract 9, Charlottesville city, Virginia","Charlottesville","Charlottlesville",503,89,309,78,25,26,0,13,0,13,0,13,43,43,0,13,0,13,0,13,0,13,4,12
"51540001000","540","Census Tract 10, Charlottesville city, Virginia","Charlottesville","Charlottlesville",578,162,1270,264,1,5,21,28,0,13,0,13,8,14,20,23,0,13,0,13,11,19,45,48
"51041100106","041","Census Tract 1001.06, Chesterfield County, Virginia","Chesterfield","Richmond",1232,230,48,48,40,57,0,13,0,13,0,13,10,16,0,13,0,13,0,13,10,17,0,13
"51041100107","041","Census Tract 1001.07, Chesterfield County, Virginia","Chesterfield","Richmond",152,51,323,82,0,13,402,147,0,13,0,13,6,9,18,17,0,13,0,13,5,8,252,93
"51041100206","041","Census Tract 1002.06, Chesterfield County, Virginia","Chesterfield","Richmond",1055,294,169,98,519,116,151,89,63,70,0,18,71,76,0,18,13,25,0,18,24,88,89,113
"51041100208","041","Census Tract 1002.08, Chesterfield County, Virginia","Chesterfield","Richmond",692,111,71,55,139,54,0,13,0,13,0,13,11,18,0,13,0,13,0,13,28,25,7,11
"51041100209","041","Census Tract 1002.09, Chesterfield County, Virginia","Chesterfield","Richmond",1282,288,209,141,793,239,267,165,0,18,0,18,29,37,11,20,10,25,0,18,33,36,72,70
"51041100210","041","Census Tract 1002.10, Chesterfield County, Virginia","Chesterfield","Richmond",119,42,203,57,119,59,196,90,0,13,0,13,0,13,27,36,0,13,0,13,15,26,34,33
"51041100211","041","Census Tract 1002.11, Chesterfield County, Virginia","Chesterfield","Richmond",325,91,120,84,408,142,544,318,0,13,0,13,0,13,0,13,0,13,0,13,81,55,231,226
"51041100212","041","Census Tract 1002.12, Chesterfield County, Virginia","Chesterfield","Richmond",254,96,168,105,418,215,879,276,0,18,0,18,0,18,0,18,0,18,0,18,161,112,165,115
"51041100300","041","Census Tract 1003, Chesterfield County, Virginia","Chesterfield","Richmond",274,75,311,115,93,49,155,91,0,13,0,13,24,29,13,17,0,13,0,13,107,65,200,122
"51041100403","041","Census Tract 1004.03, Chesterfield County, Virginia","Chesterfield","Richmond",1192,229,491,173,202,99,356,174,0,18,16,27,119,80,89,70,0,18,0,18,32,39,190,133
"51041100404","041","Census Tract 1004.04, Chesterfield County, Virginia","Chesterfield","Richmond",118,41,342,69,74,38,126,55,4,8,8,12,21,16,0,13,4,6,0,13,54,33,242,75
"51041100405","041","Census Tract 1004.05, Chesterfield County, Virginia","Chesterfield","Richmond",236,46,187,76,34,26,193,125,6,9,23,29,0,13,0,13,0,13,0,13,76,48,135,56
"51041100406","041","Census Tract 1004.06, Chesterfield County, Virginia","Chesterfield","Richmond",74,64,206,49,7,10,415,128,0,13,0,13,0,13,5,8,0,13,0,13,4,6,91,41
"51041100407","041","Census Tract 1004.07, Chesterfield County, Virginia","Chesterfield","Richmond",504,134,348,163,201,85,214,118,0,13,0,13,0,13,0,13,0,13,0,13,83,68,141,125
"51041100409","041","Census Tract 1004.09, Chesterfield County, Virginia","Chesterfield","Richmond",1788,288,187,99,337,124,145,171,0,18,0,18,14,23,0,18,0,18,0,18,74,29,0,18
"51041100410","041","Census Tract 1004.10, Chesterfield County, Virginia","Chesterfield","Richmond",241,73,375,91,34,41,328,129,0,13,0,13,0,13,22,30,0,13,0,13,48,56,17,27
"51041100505","041","Census Tract 1005.05, Chesterfield County, Virginia","Chesterfield","Richmond",1296,199,367,181,131,89,159,96,0,18,9,18,80,85,0,18,0,18,0,18,43,41,0,18
"51041100506","041","Census Tract 1005.06, Chesterfield County, Virginia","Chesterfield","Richmond",795,255,193,142,551,222,254,122,0,18,0,18,24,23,0,18,0,18,0,18,139,131,196,161
"51041100507","041","Census Tract 1005.07, Chesterfield County, Virginia","Chesterfield","Richmond",1449,175,119,88,711,273,82,78,0,18,0,18,72,99,15,25,0,18,0,18,176,126,49,59
"51041100508","041","Census Tract 1005.08, Chesterfield County, Virginia","Chesterfield","Richmond",897,234,369,197,308,99,215,75,8,14,0,18,45,56,0,18,0,18,0,18,46,46,0,18
"51041100509","041","Census Tract 1005.09, Chesterfield County, Virginia","Chesterfield","Richmond",1385,213,83,75,499,136,166,141,0,18,0,18,74,57,0,18,0,18,0,18,105,75,96,124
"51041100510","041","Census Tract 1005.10, Chesterfield County, Virginia","Chesterfield","Richmond",694,108,321,108,64,33,219,102,0,13,0,13,13,20,102,105,0,13,0,13,44,41,0,13
"51041100600","041","Census Tract 1006, Chesterfield County, Virginia","Chesterfield","Richmond",138,104,6,9,236,101,134,56,4,7,0,13,0,13,0,13,0,13,0,13,65,96,13,19
"51041100701","041","Census Tract 1007.01, Chesterfield County, Virginia","Chesterfield","Richmond",1147,320,315,149,558,160,145,95,3,5,0,18,0,18,0,18,0,18,17,31,95,71,0,18
"51041100702","041","Census Tract 1007.02, Chesterfield County, Virginia","Chesterfield","Richmond",321,45,77,41,253,121,57,46,0,13,0,13,0,13,0,13,0,13,0,13,13,17,0,13
"51041100704","041","Census Tract 1007.04, Chesterfield County, Virginia","Chesterfield","Richmond",1377,288,87,70,200,80,14,23,0,18,0,18,0,18,0,18,0,18,0,18,0,18,0,18
"51041100705","041","Census Tract 1007.05, Chesterfield County, Virginia","Chesterfield","Richmond",774,129,28,31,85,28,14,22,0,13,0,13,0,13,0,13,0,13,0,13,20,30,0,13
"51041100804","041","Census Tract 1008.04, Chesterfield County, Virginia","Chesterfield","Richmond",438,70,148,73,531,174,236,91,12,19,6,11,101,54,58,52,0,13,0,13,95,72,78,59
"51041100805","041","Census Tract 1008.05, Chesterfield County, Virginia","Chesterfield","Richmond",896,437,144,79,461,128,300,133,0,18,0,18,23,37,0,18,0,18,0,18,140,60,36,36
"51041100806","041","Census Tract 1008.06, Chesterfield County, Virginia","Chesterfield","Richmond",217,75,200,93,314,103,278,96,0,13,0,13,0,13,28,46,0,13,0,13,58,48,231,95
"51041100807","041","Census Tract 1008.07, Chesterfield County, Virginia","Chesterfield","Richmond",341,76,84,54,114,39,42,42,0,13,0,13,0,13,0,13,0,13,0,13,45,37,90,52
"51041100812","041","Census Tract 1008.12, Chesterfield County, Virginia","Chesterfield","Richmond",1629,227,80,57,216,81,65,67,0,18,0,18,0,18,0,18,0,18,0,18,99,79,36,57
"51041100814","041","Census Tract 1008.14, Chesterfield County, Virginia","Chesterfield","Richmond",577,93,178,87,294,107,87,56,0,13,15,24,18,20,10,18,0,13,0,13,148,72,35,40
"51041100815","041","Census Tract 1008.15, Chesterfield County, Virginia","Chesterfield","Richmond",862,123,177,135,367,125,60,49,0,18,0,18,38,42,0,18,0,18,0,18,107,77,129,87
"51041100816","041","Census Tract 1008.16, Chesterfield County, Virginia","Chesterfield","Richmond",1044,202,178,93,319,68,9,15,0,13,0,13,0,13,10,17,0,13,0,13,95,41,17,19
"51041100817","041","Census Tract 1008.17, Chesterfield County, Virginia","Chesterfield","Richmond",508,105,375,108,147,84,104,56,0,13,0,13,0,13,0,13,0,13,0,13,68,56,100,73
"51041100818","041","Census Tract 1008.18, Chesterfield County, Virginia","Chesterfield","Richmond",831,284,22,22,524,115,71,65,0,13,0,13,29,46,0,13,0,13,0,13,69,72,5,10
"51041100819","041","Census Tract 1008.19, Chesterfield County, Virginia","Chesterfield","Richmond",609,201,165,103,776,157,399,151,0,18,0,18,94,95,0,18,0,18,0,18,31,31,56,51
"51041100820","041","Census Tract 1008.20, Chesterfield County, Virginia","Chesterfield","Richmond",323,97,49,33,458,177,290,111,0,13,0,13,64,44,11,20,0,13,0,13,63,42,46,42
"51041100821","041","Census Tract 1008.21, Chesterfield County, Virginia","Chesterfield","Richmond",1417,172,72,44,94,43,7,12,0,13,0,13,65,53,0,13,10,19,0,13,14,17,0,13
"51041100822","041","Census Tract 1008.22, Chesterfield County, Virginia","Chesterfield","Richmond",1232,122,242,79,226,62,191,83,0,18,0,18,206,133,10,17,0,18,0,18,34,33,50,64
"51041100823","041","Census Tract 1008.23, Chesterfield County, Virginia","Chesterfield","Richmond",1243,133,265,129,493,128,153,114,0,18,0,18,83,94,0,18,0,18,0,18,0,18,48,40
"51041100902","041","Census Tract 1009.02, Chesterfield County, Virginia","Chesterfield","Richmond",1184,94,86,50,33,24,142,196,0,13,0,13,30,43,6,10,0,13,0,13,20,21,3,7
"51041100907","041","Census Tract 1009.07, Chesterfield County, Virginia","Chesterfield","Richmond",491,100,283,141,65,47,35,68,0,13,0,13,17,21,9,16,0,13,0,13,168,77,18,27
"51041100910","041","Census Tract 1009.10, Chesterfield County, Virginia","Chesterfield","Richmond",1150,172,133,81,400,138,5,12,38,45,0,18,0,18,0,18,0,18,0,18,59,44,32,35
"51041100912","041","Census Tract 1009.12, Chesterfield County, Virginia","Chesterfield","Richmond",2030,237,163,81,103,54,0,18,0,18,18,33,77,68,0,18,0,18,0,18,127,120,0,18
"51041100915","041","Census Tract 1009.15, Chesterfield County, Virginia","Chesterfield","Richmond",922,107,490,149,120,30,70,64,0,13,0,13,66,54,0,13,0,13,0,13,38,57,19,23
"51041100919","041","Census Tract 1009.19, Chesterfield County, Virginia","Chesterfield","Richmond",1391,228,259,107,379,108,195,126,0,18,0,18,113,82,0,18,0,18,0,18,28,35,25,36
"51041100920","041","Census Tract 1009.20, Chesterfield County, Virginia","Chesterfield","Richmond",85,37,383,75,0,13,222,92,0,13,0,13,17,18,47,41,0,13,0,13,5,9,12,14
"51041100921","041","Census Tract 1009.21, Chesterfield County, Virginia","Chesterfield","Richmond",1357,183,540,148,107,80,133,77,0,18,0,18,131,45,67,72,0,18,0,18,19,31,180,118
"51041100922","041","Census Tract 1009.22, Chesterfield County, Virginia","Chesterfield","Richmond",971,146,277,100,419,278,184,125,9,12,0,13,23,23,0,13,7,13,0,13,99,65,36,44
"51041100923","041","Census Tract 1009.23, Chesterfield County, Virginia","Chesterfield","Richmond",642,261,120,79,335,93,13,20,0,13,0,13,36,45,0,13,0,13,0,13,14,24,6,12
"51109950101","109","Census Tract 9501.01, Louisa County, Virginia","Louisa","Charlottlesville",840,208,154,93,0,13,0,13,0,13,0,13,45,51,0,13,0,13,0,13,0,13,0,13
"51109950102","109","Census Tract 9501.02, Louisa County, Virginia","Louisa","Charlottlesville",1235,176,230,100,199,100,44,51,0,13,0,13,19,31,0,13,0,13,0,13,29,37,94,70
"51109950201","109","Census Tract 9502.01, Louisa County, Virginia","Louisa","Charlottlesville",985,144,631,205,255,81,310,103,13,20,0,18,0,18,7,13,0,18,0,18,0,18,45,45
"51109950202","109","Census Tract 9502.02, Louisa County, Virginia","Louisa","Charlottlesville",1083,209,263,107,290,90,35,48,0,13,0,13,0,13,0,13,0,13,0,13,51,40,17,36
"51109950301","109","Census Tract 9503.01, Louisa County, Virginia","Louisa","Charlottlesville",1009,125,92,77,169,74,29,48,0,13,0,13,0,13,0,13,0,13,0,13,0,13,0,13
"51109950302","109","Census Tract 9503.02, Louisa County, Virginia","Louisa","Charlottlesville",763,229,201,109,178,95,96,146,0,13,0,13,0,13,0,13,0,13,0,13,17,29,0,13
"51109950303","109","Census Tract 9503.03, Louisa County, Virginia","Louisa","Charlottlesville",814,223,224,101,37,36,0,13,0,13,0,13,0,13,0,13,0,13,0,13,18,32,0,13
"51109950400","109","Census Tract 9504, Louisa County, Virginia","Louisa","Charlottlesville",681,117,115,66,357,80,35,44,0,13,0,13,7,11,0,13,0,13,0,13,25,39,0,13
"51109950500","109","Census Tract 9505, Louisa County, Virginia","Louisa","Charlottlesville",1964,251,273,144,244,117,108,139,0,18,0,18,0,18,0,18,0,18,0,18,39,51,0,18
"51041100924","041","Census Tract 1009.24, Chesterfield County, Virginia","Chesterfield","Richmond",1305,147,328,105,6,9,45,55,0,18,0,18,131,69,12,17,0,18,0,18,0,18,6,10
"51041100926","041","Census Tract 1009.26, Chesterfield County, Virginia","Chesterfield","Richmond",1798,258,320,136,68,90,14,23,0,18,0,18,125,54,8,15,0,18,0,18,56,48,0,18
"51041100928","041","Census Tract 1009.28, Chesterfield County, Virginia","Chesterfield","Richmond",1605,220,751,228,279,146,182,144,0,18,0,18,226,85,21,33,0,18,0,18,0,18,132,158
"51041100929","041","Census Tract 1009.29, Chesterfield County, Virginia","Chesterfield","Richmond",1655,232,190,91,68,43,80,59,0,18,0,18,69,66,122,86,0,18,0,18,26,30,20,31
"51041100930","041","Census Tract 1009.30, Chesterfield County, Virginia","Chesterfield","Richmond",1001,156,48,49,26,24,0,13,0,13,0,13,48,33,0,13,0,13,0,13,25,37,0,13
"51041100931","041","Census Tract 1009.31, Chesterfield County, Virginia","Chesterfield","Richmond",1660,132,47,44,128,73,15,23,3,5,0,18,26,42,0,18,0,18,0,18,21,34,0,18
"51041100932","041","Census Tract 1009.32, Chesterfield County, Virginia","Chesterfield","Richmond",987,168,69,45,90,36,17,25,0,13,0,13,28,32,0,13,0,13,0,13,57,57,0,13
"51041100933","041","Census Tract 1009.33, Chesterfield County, Virginia","Chesterfield","Richmond",444,181,347,90,94,65,166,82,0,13,0,13,12,20,22,35,0,13,0,13,35,51,17,21
"51041100934","041","Census Tract 1009.34, Chesterfield County, Virginia","Chesterfield","Richmond",1321,179,374,109,271,114,177,132,0,18,0,18,0,18,0,18,0,18,0,18,166,76,39,59
"51041100935","041","Census Tract 1009.35, Chesterfield County, Virginia","Chesterfield","Richmond",1252,169,93,53,0,13,0,13,0,13,0,13,10,16,0,13,0,13,0,13,4,6,0,13
"51041100936","041","Census Tract 1009.36, Chesterfield County, Virginia","Chesterfield","Richmond",1251,194,16,22,30,23,7,12,0,13,0,13,18,21,0,13,0,13,0,13,29,25,0,13
"51041100937","041","Census Tract 1009.37, Chesterfield County, Virginia","Chesterfield","Richmond",872,154,499,154,102,28,191,223,0,13,0,13,0,13,20,32,0,13,0,13,89,72,10,19
"51041100938","041","Census Tract 1009.38, Chesterfield County, Virginia","Chesterfield","Richmond",2378,801,27,32,95,58,39,56,0,18,0,18,158,57,14,25,0,18,0,18,27,34,0,18
"51041101003","041","Census Tract 1010.03, Chesterfield County, Virginia","Chesterfield","Richmond",2592,416,137,84,215,72,0,18,0,18,0,18,126,54,0,18,0,18,0,18,155,114,0,18
"51041101004","041","Census Tract 1010.04, Chesterfield County, Virginia","Chesterfield","Richmond",1311,170,84,59,172,87,16,26,10,15,0,13,28,39,0,13,0,13,0,13,61,57,0,13
"51041101007","041","Census Tract 1010.07, Chesterfield County, Virginia","Chesterfield","Richmond",1860,292,240,113,57,48,48,42,0,18,0,18,71,50,0,18,0,18,0,18,47,59,19,31
"51041101008","041","Census Tract 1010.08, Chesterfield County, Virginia","Chesterfield","Richmond",1285,133,146,140,76,20,75,80,0,18,0,18,59,47,57,61,0,18,0,18,44,39,20,32
"51041101009","041","Census Tract 1010.09, Chesterfield County, Virginia","Chesterfield","Richmond",1369,196,270,131,276,121,28,24,11,17,0,18,123,117,26,36,0,18,0,18,67,59,20,34
"51041101011","041","Census Tract 1010.11, Chesterfield County, Virginia","Chesterfield","Richmond",644,72,76,46,112,37,40,46,0,13,0,13,25,28,0,13,0,13,0,13,69,54,9,15
"51041101012","041","Census Tract 1010.12, Chesterfield County, Virginia","Chesterfield","Richmond",993,202,613,186,106,90,241,109,0,18,0,18,0,18,56,66,0,18,0,18,9,16,0,18
"51041101013","041","Census Tract 1010.13, Chesterfield County, Virginia","Chesterfield","Richmond",1060,131,12,19,111,49,20,23,0,13,0,13,0,13,0,13,0,13,0,13,21,25,0,13
"51041101014","041","Census Tract 1010.14, Chesterfield County, Virginia","Chesterfield","Richmond",604,104,52,44,152,99,0,13,10,17,0,13,64,45,0,13,0,13,0,13,28,42,0,13
"51041101015","041","Census Tract 1010.15, Chesterfield County, Virginia","Chesterfield","Richmond",1689,204,108,92,261,80,0,18,0,18,0,18,55,69,15,22,0,18,0,18,102,73,0,18
"51125950101","125","Census Tract 9501.01, Nelson County, Virginia","Nelson","Charlottlesville",936,205,228,126,203,99,0,13,0,13,0,13,0,13,0,13,0,13,0,13,0,13,83,102
"51125950102","125","Census Tract 9501.02, Nelson County, Virginia","Nelson","Charlottlesville",528,136,86,63,65,71,116,136,0,13,0,13,0,13,0,13,0,13,0,13,59,58,17,31
"51125950201","125","Census Tract 9502.01, Nelson County, Virginia","Nelson","Charlottlesville",767,159,216,130,81,54,0,13,0,13,0,13,0,13,0,13,0,13,0,13,17,31,0,13
"51125950202","125","Census Tract 9502.02, Nelson County, Virginia","Nelson","Charlottlesville",984,157,88,77,41,60,65,67,0,13,0,13,0,13,0,13,0,13,0,13,0,13,27,42
"51125950300","125","Census Tract 9503, Nelson County, Virginia","Nelson","Charlottlesville",829,128,661,256,328,123,77,79,0,13,0,13,0,13,0,13,0,13,0,13,8,16,60,70
"51670820100","670","Census Tract 8201, Hopewell city, Virginia","Hopewell","Richmond",173,60,147,77,20,27,338,167,0,13,0,13,0,13,0,13,0,13,0,13,32,46,55,48
"51670820300","670","Census Tract 8203, Hopewell city, Virginia","Hopewell","Richmond",224,91,435,117,6,12,377,122,0,13,0,13,79,102,74,75,0,13,0,13,0,13,26,33
"51670820400","670","Census Tract 8204, Hopewell city, Virginia","Hopewell","Richmond",1131,192,354,138,362,177,599,187,0,18,0,18,0,18,0,18,0,18,0,18,123,110,90,81
"51670820500","670","Census Tract 8205, Hopewell city, Virginia","Hopewell","Richmond",924,157,310,131,122,62,220,103,0,13,0,13,0,13,0,13,0,13,0,13,71,68,0,13
"51670820600","670","Census Tract 8206, Hopewell city, Virginia","Hopewell","Richmond",594,186,483,176,388,198,676,243,0,18,0,18,0,18,0,18,0,18,0,18,59,72,129,132
"51670820700","670","Census Tract 8207, Hopewell city, Virginia","Hopewell","Richmond",43,35,179,84,217,86,511,102,0,13,0,13,0,13,0,13,0,13,0,13,51,39,51,54
"51670980100","670","Census Tract 9801, Hopewell city, Virginia","Hopewell","Richmond",0,13,0,13,0,13,0,13,0,13,0,13,0,13,0,13,0,13,0,13,0,13,0,13
"51730810100","730","Census Tract 8101, Petersburg city, Virginia","Petersburg City","Richmond",36,38,41,29,225,80,486,103,0,13,0,13,0,13,0,13,0,13,0,13,9,16,19,31
"51730810300","730","Census Tract 8103, Petersburg city, Virginia","Petersburg City","Richmond",159,71,151,79,158,75,530,200,0,13,0,13,0,13,0,13,0,13,0,13,21,29,0,13
"51730810400","730","Census Tract 8104, Petersburg city, Virginia","Petersburg City","Richmond",0,13,73,48,100,35,513,134,0,13,32,14,0,13,0,13,0,13,0,13,0,13,0,13
"51730810500","730","Census Tract 8105, Petersburg city, Virginia","Petersburg City","Richmond",17,20,9,17,683,113,536,153,0,13,0,13,18,30,0,13,0,13,0,13,0,13,45,50
"51730810600","730","Census Tract 8106, Petersburg city, Virginia","Petersburg City","Richmond",0,13,2,4,206,66,487,81,0,13,0,13,28,29,20,31,0,13,0,13,0,13,0,13
"51730810700","730","Census Tract 8107, Petersburg city, Virginia","Petersburg City","Richmond",31,31,0,13,134,53,628,139,0,13,0,13,0,13,0,13,0,13,0,13,0,13,0,13
"51730810900","730","Census Tract 8109, Petersburg city, Virginia","Petersburg City","Richmond",168,67,24,35,387,153,475,140,0,13,0,13,6,11,0,13,0,13,0,13,0,13,38,53
"51730811000","730","Census Tract 8110, Petersburg city, Virginia","Petersburg City","Richmond",324,69,212,89,419,137,1037,315,0,13,0,13,0,13,16,23,0,13,0,13,12,19,70,81
"51730811100","730","Census Tract 8111, Petersburg city, Virginia","Petersburg City","Richmond",90,56,229,101,495,172,326,107,8,20,0,13,54,29,30,33,0,13,0,13,21,27,31,44
"51730811200","730","Census Tract 8112, Petersburg city, Virginia","Petersburg City","Richmond",86,50,156,69,475,142,648,143,0,13,0,13,19,21,0,13,0,13,0,13,39,47,154,77
"51730811300","730","Census Tract 8113, Petersburg city, Virginia","Petersburg City","Richmond",95,60,331,95,255,77,1047,222,0,13,0,13,0,13,0,13,0,13,0,13,10,17,14,23
"51760010201","760","Census Tract 102.01, Richmond city, Virginia","Richmond City","Richmond",627,133,59,61,16,25,283,83,0,13,0,13,32,55,0,13,0,13,0,13,0,13,0,13
"51760010202","760","Census Tract 102.02, Richmond city, Virginia","Richmond City","Richmond",468,130,495,184,51,48,405,267,0,13,0,13,0,13,0,13,0,13,0,13,13,14,35,55
"51760010300","760","Census Tract 103, Richmond city, Virginia","Richmond City","Richmond",16,18,45,35,161,56,485,181,8,15,0,13,0,13,0,13,0,13,0,13,0,13,0,13
"51760010401","760","Census Tract 104.01, Richmond city, Virginia","Richmond City","Richmond",805,175,152,61,0,13,401,127,0,13,0,13,10,15,0,13,0,13,0,13,22,22,18,28
"51760010402","760","Census Tract 104.02, Richmond city, Virginia","Richmond City","Richmond",562,110,175,93,124,71,330,123,0,13,0,13,0,13,0,13,0,13,0,13,8,10,0,13
"51760010500","760","Census Tract 105, Richmond city, Virginia","Richmond City","Richmond",113,36,18,21,301,64,183,64,0,13,0,13,0,13,0,13,0,13,0,13,0,13,0,13
"51760010600","760","Census Tract 106, Richmond city, Virginia","Richmond City","Richmond",204,57,152,111,315,56,129,41,0,13,0,13,13,17,10,12,0,13,0,13,2,3,4,7
"51760010700","760","Census Tract 107, Richmond city, Virginia","Richmond City","Richmond",173,69,59,42,363,108,290,106,0,13,0,13,0,13,0,13,0,13,0,13,0,13,0,13
"51760010800","760","Census Tract 108, Richmond city, Virginia","Richmond City","Richmond",121,56,24,29,725,147,733,155,8,14,0,13,46,69,0,13,0,13,0,13,9,14,65,50
"51760010900","760","Census Tract 109, Richmond city, Virginia","Richmond City","Richmond",94,54,99,46,387,115,522,241,0,13,0,13,0,13,0,13,0,13,0,13,6,10,0,13
"51760011000","760","Census Tract 110, Richmond city, Virginia","Richmond City","Richmond",118,51,65,34,267,68,469,134,0,13,0,13,6,9,0,13,0,13,0,13,2,6,8,9
"51760011100","760","Census Tract 111, Richmond city, Virginia","Richmond City","Richmond",134,32,111,56,383,126,276,111,0,13,14,20,3,5,32,41,0,13,0,13,19,28,5,6
"51760020100","760","Census Tract 201, Richmond city, Virginia","Richmond City","Richmond",0,13,46,55,154,78,418,126,0,13,0,13,0,13,8,12,0,13,0,13,0,13,6,9
"51760020200","760","Census Tract 202, Richmond city, Virginia","Richmond City","Richmond",0,13,27,35,146,65,1058,153,0,13,0,13,0,13,0,13,0,13,0,13,0,13,9,13
"51760020300","760","Census Tract 203, Richmond city, Virginia","Richmond City","Richmond",66,47,73,40,297,69,243,105,0,13,0,13,9,11,7,12,0,13,0,13,0,13,3,6
"51760020400","760","Census Tract 204, Richmond city, Virginia","Richmond City","Richmond",34,40,64,53,169,56,1161,214,0,13,0,13,0,13,0,13,0,13,0,13,0,13,4,8
"51760020501","760","Census Tract 205.01, Richmond city, Virginia","Richmond City","Richmond",39,42,1159,413,35,54,652,170,0,13,0,13,0,13,10,10,0,13,0,13,0,13,27,35
"51760020502","760","Census Tract 205.02, Richmond city, Virginia","Richmond City","Richmond",199,122,801,214,84,21,250,196,0,13,0,13,0,13,163,105,0,13,0,13,0,13,99,110
"51760020600","760","Census Tract 206, Richmond city, Virginia","Richmond City","Richmond",416,145,326,102,47,28,159,83,6,8,0,13,7,8,31,38,0,13,0,13,18,19,0,13
"51760020700","760","Census Tract 207, Richmond city, Virginia","Richmond City","Richmond",81,32,44,21,165,52,387,86,0,13,0,13,8,10,0,13,0,13,0,13,0,13,0,13
"51760020800","760","Census Tract 208, Richmond city, Virginia","Richmond City","Richmond",367,102,283,83,42,27,147,118,0,13,11,18,7,12,1,3,0,13,0,13,0,13,7,9
"51760020900","760","Census Tract 209, Richmond city, Virginia","Richmond City","Richmond",104,47,134,49,364,104,482,126,0,13,0,13,0,13,6,10,0,13,0,13,22,29,28,50
"51760021000","760","Census Tract 210, Richmond city, Virginia","Richmond City","Richmond",110,43,47,34,143,126,598,299,0,13,0,13,0,13,0,13,0,13,0,13,20,18,5,7
"51760021100","760","Census Tract 211, Richmond city, Virginia","Richmond City","Richmond",101,51,71,53,477,308,124,49,0,13,0,13,0,13,0,13,0,13,0,13,12,13,0,13
"51760021200","760","Census Tract 212, Richmond city, Virginia","Richmond City","Richmond",121,50,57,34,150,81,336,95,0,13,14,26,0,13,0,13,0,13,0,13,3,5,0,13
"51760030100","760","Census Tract 301, Richmond city, Virginia","Richmond City","Richmond",0,13,7,13,0,13,978,178,0,13,0,13,0,13,1,4,0,13,0,13,0,13,0,13
"51760030200","760","Census Tract 302, Richmond city, Virginia","Richmond City","Richmond",75,49,461,230,173,133,430,125,0,13,0,13,0,13,18,19,0,13,0,13,4,7,10,15
"51760030501","760","Census Tract 305.01, Richmond city, Virginia","Richmond City","Richmond",0,13,805,155,0,13,96,88,0,13,21,36,19,27,93,55,0,13,0,13,0,13,72,61
"51760030502","760","Census Tract 305.02, Richmond city, Virginia","Richmond City","Richmond",117,78,931,253,20,31,240,164,0,13,0,13,0,13,83,52,0,13,0,13,0,13,45,36
"51760040201","760","Census Tract 402.01, Richmond city, Virginia","Richmond City","Richmond",33,27,219,75,113,45,133,74,0,13,0,13,9,23,2,5,0,13,0,13,5,10,12,14
"51760040202","760","Census Tract 402.02, Richmond city, Virginia","Richmond City","Richmond",21,21,970,120,27,27,142,75,0,13,0,13,9,14,9,10,0,13,0,13,4,6,33,23
"51760040300","760","Census Tract 403, Richmond city, Virginia","Richmond City","Richmond",82,38,132,42,0,13,39,38,0,13,7,12,0,13,31,29,0,13,0,13,0,13,14,15
"51760040400","760","Census Tract 404, Richmond city, Virginia","Richmond City","Richmond",517,179,742,161,12,19,252,117,0,13,0,13,4,7,2,7,0,13,0,13,0,13,57,48
"51760040500","760","Census Tract 405, Richmond city, Virginia","Richmond City","Richmond",612,176,834,173,14,22,71,42,0,13,0,13,0,13,26,25,0,13,0,13,0,13,71,50
"51760040600","760","Census Tract 406, Richmond city, Virginia","Richmond City","Richmond",108,49,622,121,0,13,74,49,0,13,0,13,0,13,81,69,0,13,0,13,7,9,20,22
"51760040700","760","Census Tract 407, Richmond city, Virginia","Richmond City","Richmond",440,71,610,111,7,12,31,22,0,13,0,13,11,21,25,36,0,13,0,13,0,13,67,65
"51760040800","760","Census Tract 408, Richmond city, Virginia","Richmond City","Richmond",338,56,310,56,0,13,6,10,0,13,3,5,17,25,6,8,0,13,0,13,0,13,31,27
"51760040900","760","Census Tract 409, Richmond city, Virginia","Richmond City","Richmond",409,87,692,138,24,24,49,50,0,13,0,13,10,19,0,13,0,13,0,13,17,16,3,6
"51760041000","760","Census Tract 410, Richmond city, Virginia","Richmond City","Richmond",597,83,389,85,0,13,40,30,0,13,0,13,5,9,21,25,0,13,0,13,37,51,5,7
"51760041100","760","Census Tract 411, Richmond city, Virginia","Richmond City","Richmond",304,84,951,149,12,20,163,79,0,13,0,13,24,33,9,10,0,13,0,13,0,13,63,31
"51760041200","760","Census Tract 412, Richmond city, Virginia","Richmond City","Richmond",158,37,254,63,0,13,20,32,0,13,0,13,4,6,8,16,0,13,0,13,3,5,26,23
"51760041300","760","Census Tract 413, Richmond city, Virginia","Richmond City","Richmond",185,73,210,114,427,136,348,126,0,13,0,13,16,13,2,3,0,13,0,13,0,13,4,6
"51760041400","760","Census Tract 414, Richmond city, Virginia","Richmond City","Richmond",296,70,202,52,257,61,99,43,0,13,0,13,4,6,10,15,0,13,0,13,6,7,7,8
"51760041600","760","Census Tract 416, Richmond city, Virginia","Richmond City","Richmond",401,70,25,18,142,30,24,21,0,13,0,13,7,11,4,7,0,13,0,13,0,13,0,13
"51760050100","760","Census Tract 501, Richmond city, Virginia","Richmond City","Richmond",720,101,686,202,30,30,189,93,0,13,0,13,9,15,25,29,0,13,0,13,0,13,11,20
"51760050200","760","Census Tract 502, Richmond city, Virginia","Richmond City","Richmond",1133,154,191,65,0,13,0,13,0,13,0,13,7,11,0,13,0,13,0,13,9,14,24,37
"51760050300","760","Census Tract 503, Richmond city, Virginia","Richmond City","Richmond",389,79,437,124,0,13,0,13,0,13,0,13,18,25,2,5,0,13,0,13,4,7,0,13
"51065020101","065","Census Tract 201.01, Fluvanna County, Virginia","Fluvanna","Charlottlesville",1493,231,178,76,152,63,121,97,0,18,0,18,17,19,0,18,0,18,0,18,13,20,2,5
"51065020103","065","Census Tract 201.03, Fluvanna County, Virginia","Fluvanna","Charlottlesville",1085,216,216,124,111,92,11,20,0,13,0,13,0,13,0,13,0,13,0,13,0,13,2,4
"51065020104","065","Census Tract 201.04, Fluvanna County, Virginia","Fluvanna","Charlottlesville",2080,195,195,106,99,30,0,18,0,18,0,18,0,18,0,18,0,18,0,18,22,40,0,18
"51760050400","760","Census Tract 504, Richmond city, Virginia","Richmond City","Richmond",1045,140,100,53,28,36,88,141,0,13,0,13,22,26,0,13,0,13,0,13,6,9,0,13
"51760050500","760","Census Tract 505, Richmond city, Virginia","Richmond City","Richmond",1166,168,78,51,10,17,0,18,0,18,11,18,0,18,0,18,0,18,0,18,0,18,0,18
"51760050600","760","Census Tract 506, Richmond city, Virginia","Richmond City","Richmond",1136,191,28,19,6,10,0,13,0,13,0,13,36,38,0,13,0,13,0,13,13,11,0,13
"51760060200","760","Census Tract 602, Richmond city, Virginia","Richmond City","Richmond",52,37,63,38,268,87,426,134,0,13,0,13,0,13,0,13,0,13,0,13,0,13,11,13
"51760060400","760","Census Tract 604, Richmond city, Virginia","Richmond City","Richmond",221,82,218,143,663,369,618,213,0,18,0,18,0,18,0,18,0,18,0,18,31,50,31,46
"51760060501","760","Census Tract 605.01, Richmond city, Virginia","Richmond City","Richmond",364,112,148,90,85,55,60,94,0,13,0,13,0,13,23,25,0,13,0,13,0,13,13,21
"51760060502","760","Census Tract 605.02, Richmond city, Virginia","Richmond City","Richmond",704,180,422,141,61,73,744,209,0,13,0,13,0,13,0,13,0,13,0,13,10,16,0,13
"51760060600","760","Census Tract 606, Richmond city, Virginia","Richmond City","Richmond",960,129,182,79,24,28,6,9,0,13,0,13,10,17,0,13,0,13,0,13,0,13,0,13
"51760060700","760","Census Tract 607, Richmond city, Virginia","Richmond City","Richmond",133,66,95,66,341,121,1058,158,8,16,0,18,0,18,0,18,0,18,0,18,5,13,73,69
"51760060800","760","Census Tract 608, Richmond city, Virginia","Richmond City","Richmond",67,48,196,67,210,106,530,124,0,13,0,13,15,19,0,13,0,13,0,13,0,13,190,63
"51760060900","760","Census Tract 609, Richmond city, Virginia","Richmond City","Richmond",28,20,158,59,19,20,147,81,0,13,0,13,9,13,0,13,0,13,0,13,0,13,121,64
"51760061001","760","Census Tract 610.01, Richmond city, Virginia","Richmond City","Richmond",226,162,237,145,236,123,597,174,0,13,0,13,0,13,10,18,0,13,0,13,8,15,0,13
"51760061002","760","Census Tract 610.02, Richmond city, Virginia","Richmond City","Richmond",90,100,1091,306,0,13,748,329,0,13,0,13,0,13,22,17,0,13,0,13,0,13,50,40
"51760070100","760","Census Tract 701, Richmond city, Virginia","Richmond City","Richmond",1678,310,633,147,217,97,43,55,0,18,0,18,20,30,33,39,0,18,0,18,0,18,0,18
"51760070300","760","Census Tract 703, Richmond city, Virginia","Richmond City","Richmond",640,134,203,91,91,58,344,112,0,13,0,13,0,13,4,6,0,13,0,13,15,26,0,13
"51760070400","760","Census Tract 704, Richmond city, Virginia","Richmond City","Richmond",1252,182,224,88,136,64,96,68,0,13,0,13,71,54,0,13,0,13,0,13,20,18,0,13
"51760070601","760","Census Tract 706.01, Richmond city, Virginia","Richmond City","Richmond",93,53,461,114,391,144,479,169,0,18,20,29,0,18,74,96,0,18,0,18,192,178,543,122
"51760070602","760","Census Tract 706.02, Richmond city, Virginia","Richmond City","Richmond",155,111,86,36,270,56,171,56,0,13,0,13,0,13,19,17,0,13,0,13,17,18,94,45
"51760070700","760","Census Tract 707, Richmond city, Virginia","Richmond City","Richmond",239,88,221,72,940,231,516,160,0,18,0,18,18,19,0,18,0,18,0,18,23,28,285,123
"51760070802","760","Census Tract 708.02, Richmond city, Virginia","Richmond City","Richmond",197,69,110,65,248,113,133,90,0,13,0,13,0,13,39,51,0,13,0,13,41,28,74,45
"51760070803","760","Census Tract 708.03, Richmond city, Virginia","Richmond City","Richmond",157,101,222,108,501,135,572,218,0,13,50,56,0,13,0,13,0,13,0,13,105,56,96,72
"51760070804","760","Census Tract 708.04, Richmond city, Virginia","Richmond City","Richmond",160,104,97,64,691,137,113,104,12,19,0,13,0,13,0,13,0,13,0,13,12,19,30,22
"51760070901","760","Census Tract 709.01, Richmond city, Virginia","Richmond City","Richmond",83,52,245,131,621,314,497,192,0,18,0,18,0,18,0,18,0,18,0,18,0,18,261,121
"51760070902","760","Census Tract 709.02, Richmond city, Virginia","Richmond City","Richmond",85,71,101,89,233,153,681,184,0,13,0,13,0,13,0,13,0,13,0,13,0,13,20,32
"51760071002","760","Census Tract 710.02, Richmond city, Virginia","Richmond City","Richmond",336,150,157,59,294,102,495,134,0,13,20,30,24,29,58,53,0,13,0,13,66,124,6,9
"51760071003","760","Census Tract 710.03, Richmond city, Virginia","Richmond City","Richmond",101,88,309,149,275,126,661,233,0,13,0,13,0,13,7,11,0,13,0,13,0,13,17,28
"51760071004","760","Census Tract 710.04, Richmond city, Virginia","Richmond City","Richmond",0,13,57,54,0,13,552,122,0,13,0,13,0,13,5,20,0,13,0,13,0,13,32,51
"51760071100","760","Census Tract 711, Richmond city, Virginia","Richmond City","Richmond",876,161,778,321,203,95,697,189,35,58,11,19,0,18,54,59,0,18,0,18,48,62,11,19
"51065020200","065","Census Tract 202, Fluvanna County, Virginia","Fluvanna","Charlottlesville",1084,169,424,184,343,146,110,85,0,13,0,13,0,13,0,13,0,13,0,13,11,17,40,58
"51065020300","065","Census Tract 203, Fluvanna County, Virginia","Fluvanna","Charlottlesville",1488,227,334,124,90,57,138,132,0,18,0,18,0,18,0,18,0,18,0,18,4,10,35,52
"51003010100","003","Census Tract 101, Albemarle County, Virginia","Albemarle","Charlottlesville",1587,279,333,142,68,67,0,13,0,13,0,13,0,13,0,13,0,13,0,13,0,13,0,13
"51003010201","003","Census Tract 102.01, Albemarle County, Virginia","Albemarle","Charlottlesville",1512,168,190,97,105,60,0,18,14,22,1,3,15,14,3,6,0,18,0,18,31,27,0,18
"51003010202","003","Census Tract 102.02, Albemarle County, Virginia","Albemarle","Charlottlesville",1006,129,108,55,0,13,6,11,0,13,0,13,5,10,0,13,0,13,0,13,46,43,0,13
"51003010301","003","Census Tract 103.01, Albemarle County, Virginia","Albemarle","Charlottlesville",446,127,97,56,47,50,0,13,0,13,0,13,19,23,12,22,0,13,0,13,3,7,0,13
"51003010302","003","Census Tract 103.02, Albemarle County, Virginia","Albemarle","Charlottlesville",298,68,85,58,17,28,0,13,0,13,0,13,0,13,0,13,0,13,0,13,13,25,13,16
"51003010303","003","Census Tract 103.03, Albemarle County, Virginia","Albemarle","Charlottlesville",1437,169,392,101,40,35,10,18,0,18,0,18,96,61,19,24,0,18,0,18,164,108,27,40
"51003010401","003","Census Tract 104.01, Albemarle County, Virginia","Albemarle","Charlottlesville",1294,308,351,117,116,100,110,88,0,13,0,13,0,13,0,13,0,13,0,13,19,29,0,13
"51003010402","003","Census Tract 104.02, Albemarle County, Virginia","Albemarle","Charlottlesville",1078,152,163,111,0,13,32,44,15,25,0,13,39,39,0,13,0,13,0,13,17,26,0,13
"51003010501","003","Census Tract 105.01, Albemarle County, Virginia","Albemarle","Charlottlesville",684,154,171,97,84,88,0,13,0,13,0,13,94,105,0,13,0,13,0,13,0,13,56,64
"51003010502","003","Census Tract 105.02, Albemarle County, Virginia","Albemarle","Charlottlesville",437,141,990,219,52,70,367,265,0,13,21,34,16,26,16,22,0,13,0,13,0,13,0,13
"51003010602","003","Census Tract 106.02, Albemarle County, Virginia","Albemarle","Charlottlesville",1216,213,641,165,125,98,49,39,0,13,0,13,13,17,6,11,0,13,0,13,26,32,58,44
"51003010603","003","Census Tract 106.03, Albemarle County, Virginia","Albemarle","Charlottlesville",367,259,669,242,53,46,63,55,0,13,0,13,0,13,49,53,0,13,0,13,0,13,37,43
"51079030101","079","Census Tract 301.01, Greene County, Virginia","Greene","Charlottlesville",1110,158,231,78,65,57,69,56,0,13,0,13,0,13,0,13,0,13,0,13,50,52,11,24
"51079030102","079","Census Tract 301.02, Greene County, Virginia","Greene","Charlottlesville",1414,199,273,142,140,117,0,18,0,18,0,18,0,18,35,27,0,18,0,18,0,18,18,26
"51079030201","079","Census Tract 302.01, Greene County, Virginia","Greene","Charlottlesville",1620,213,463,128,378,100,0,18,21,31,0,18,66,49,5,10,0,18,0,18,219,61,42,39
"51079030202","079","Census Tract 302.02, Greene County, Virginia","Greene","Charlottlesville",1083,221,259,129,33,38,14,22,0,13,0,13,17,23,0,13,0,13,0,13,0,13,0,13
"51003010604","003","Census Tract 106.04, Albemarle County, Virginia","Albemarle","Charlottlesville",876,189,345,105,113,106,148,74,0,13,0,13,50,45,59,72,0,13,0,13,14,22,20,32
"51003010701","003","Census Tract 107.01, Albemarle County, Virginia","Albemarle","Charlottlesville",130,84,740,302,33,40,234,141,0,13,17,27,89,76,82,63,0,13,0,13,0,13,40,40
"51003010702","003","Census Tract 107.02, Albemarle County, Virginia","Albemarle","Charlottlesville",481,150,596,174,149,119,134,118,0,13,7,22,17,27,10,19,0,13,0,13,25,40,138,74
"51003010801","003","Census Tract 108.01, Albemarle County, Virginia","Albemarle","Charlottlesville",416,90,711,167,76,101,175,116,0,13,0,13,17,24,98,68,0,13,0,13,0,13,86,52
"51003010802","003","Census Tract 108.02, Albemarle County, Virginia","Albemarle","Charlottlesville",308,104,404,144,52,64,175,159,0,13,0,13,6,12,9,16,0,13,21,28,29,48,73,99
"51003010901","003","Census Tract 109.01, Albemarle County, Virginia","Albemarle","Charlottlesville",137,39,479,107,27,46,4,9,0,13,5,9,7,11,47,28,0,13,0,13,0,13,19,15
"51003010904","003","Census Tract 109.04, Albemarle County, Virginia","Albemarle","Charlottlesville",44,35,339,85,0,18,8,12,0,18,0,18,6,9,71,34,0,18,0,18,0,18,124,64
"51003011000","003","Census Tract 110, Albemarle County, Virginia","Albemarle","Charlottlesville",2248,355,264,104,0,18,15,24,13,26,0,18,34,35,13,20,0,18,0,18,0,18,20,30
"51003011101","003","Census Tract 111.01, Albemarle County, Virginia","Albemarle","Charlottlesville",656,149,135,78,10,16,0,13,0,13,0,13,5,8,0,13,0,13,0,13,0,13,0,13
"51003011102","003","Census Tract 111.02, Albemarle County, Virginia","Albemarle","Charlottlesville",804,147,187,164,12,21,0,13,0,13,0,13,13,20,0,13,0,13,0,13,20,62,0,13
"51003011103","003","Census Tract 111.03, Albemarle County, Virginia","Albemarle","Charlottlesville",1015,144,351,127,0,13,20,37,0,13,0,13,57,60,0,13,0,13,0,13,42,39,0,13
"51003011201","003","Census Tract 112.01, Albemarle County, Virginia","Albemarle","Charlottlesville",1261,226,366,103,56,56,0,13,0,13,5,11,0,13,0,13,0,13,0,13,10,17,36,38
"51003011202","003","Census Tract 112.02, Albemarle County, Virginia","Albemarle","Charlottlesville",1112,166,152,58,67,49,0,13,0,13,6,10,68,37,7,12,0,13,0,13,38,31,8,10
"51003011301","003","Census Tract 113.01, Albemarle County, Virginia","Albemarle","Charlottlesville",1466,221,479,153,44,48,25,49,0,18,0,18,98,62,0,18,0,18,0,18,64,70,36,57
"51003011302","003","Census Tract 113.02, Albemarle County, Virginia","Albemarle","Charlottlesville",275,94,965,169,57,43,114,90,0,13,0,13,0,13,134,145,0,13,0,13,136,77,130,69
"51003011303","003","Census Tract 113.03, Albemarle County, Virginia","Albemarle","Charlottlesville",739,140,608,107,0,13,151,94,0,13,0,13,33,21,41,35,0,13,0,13,21,31,56,49
"51003011400","003","Census Tract 114, Albemarle County, Virginia","Albemarle","Charlottlesville",1116,162,322,101,399,141,75,52,0,18,0,18,0,18,0,18,0,18,0,18,19,24,13,21
"51087200106","087","Census Tract 2001.06, Henrico County, Virginia","Henrico","Richmond",688,121,677,165,8,16,254,84,0,13,0,13,85,61,69,57,0,13,0,13,4,18,170,99
"51087200108","087","Census Tract 2001.08, Henrico County, Virginia","Henrico","Richmond",919,118,27,30,0,13,0,13,0,13,0,13,23,21,0,13,0,13,5,7,11,12,0,13
"51087200109","087","Census Tract 2001.09, Henrico County, Virginia","Henrico","Richmond",1300,218,29,27,36,36,0,13,0,13,0,13,0,13,0,13,0,13,0,13,14,21,0,13
"51087200122","087","Census Tract 2001.22, Henrico County, Virginia","Henrico","Richmond",1133,134,210,95,84,49,9,22,0,13,0,13,183,62,0,13,0,13,0,13,57,65,0,13
"51087200123","087","Census Tract 2001.23, Henrico County, Virginia","Henrico","Richmond",599,98,380,157,45,47,273,110,0,13,0,13,6,10,40,65,0,13,0,13,22,33,148,82
"51087200124","087","Census Tract 2001.24, Henrico County, Virginia","Henrico","Richmond",1225,148,463,94,120,68,60,47,0,18,0,18,18,20,17,29,0,18,0,18,24,26,137,194
"51087200125","087","Census Tract 2001.25, Henrico County, Virginia","Henrico","Richmond",178,54,494,109,38,32,311,108,0,13,17,31,28,24,469,118,0,13,0,13,0,13,40,38
"51087200126","087","Census Tract 2001.26, Henrico County, Virginia","Henrico","Richmond",93,77,915,200,0,13,388,124,0,13,24,42,31,29,390,158,0,13,0,13,0,13,163,112
"51087200127","087","Census Tract 2001.27, Henrico County, Virginia","Henrico","Richmond",1386,217,539,133,94,92,84,73,0,18,0,18,77,50,88,57,0,18,0,18,4,9,27,36
"51087200131","087","Census Tract 2001.31, Henrico County, Virginia","Henrico","Richmond",412,88,279,106,0,13,59,77,0,13,0,13,0,13,107,85,0,13,0,13,0,13,0,13
"51087200132","087","Census Tract 2001.32, Henrico County, Virginia","Henrico","Richmond",732,150,554,181,0,13,14,22,0,13,8,17,0,13,108,143,0,13,0,13,62,77,78,62
"51087200133","087","Census Tract 2001.33, Henrico County, Virginia","Henrico","Richmond",314,99,446,170,0,13,291,153,0,13,0,13,40,45,24,31,0,13,0,13,13,26,0,13
"51087200134","087","Census Tract 2001.34, Henrico County, Virginia","Henrico","Richmond",1528,277,158,93,34,39,87,56,0,18,0,18,27,27,35,57,0,18,0,18,23,36,13,22
"51087200135","087","Census Tract 2001.35, Henrico County, Virginia","Henrico","Richmond",525,84,141,105,0,13,13,29,0,13,0,13,11,19,35,28,0,13,0,13,0,13,16,26
"51087200136","087","Census Tract 2001.36, Henrico County, Virginia","Henrico","Richmond",478,134,697,159,5,10,204,241,0,13,0,13,13,21,46,70,0,13,0,13,0,13,57,89
"51087200137","087","Census Tract 2001.37, Henrico County, Virginia","Henrico","Richmond",641,111,148,77,0,13,71,69,0,13,0,13,0,13,0,13,0,13,0,13,16,26,0,13
"51087200138","087","Census Tract 2001.38, Henrico County, Virginia","Henrico","Richmond",1168,158,160,80,319,338,78,101,0,13,0,13,21,33,13,24,0,13,0,13,0,13,0,13
"51087200139","087","Census Tract 2001.39, Henrico County, Virginia","Henrico","Richmond",918,141,466,193,58,89,62,76,0,13,0,13,110,81,77,52,0,13,0,13,77,120,15,24
"51087200140","087","Census Tract 2001.40, Henrico County, Virginia","Henrico","Richmond",893,219,259,112,35,38,132,118,0,13,0,13,77,41,125,93,0,13,0,13,13,21,0,13
"51087200141","087","Census Tract 2001.41, Henrico County, Virginia","Henrico","Richmond",444,80,230,74,0,13,63,99,0,13,0,13,175,145,258,125,0,13,0,13,0,13,0,13
"51087200142","087","Census Tract 2001.42, Henrico County, Virginia","Henrico","Richmond",1008,183,244,98,0,13,0,13,0,13,0,13,53,43,148,88,0,13,0,13,13,24,0,13
"51087200143","087","Census Tract 2001.43, Henrico County, Virginia","Henrico","Richmond",591,78,0,13,77,75,0,13,0,13,0,13,67,60,0,13,0,13,0,13,5,24,0,13
"51087200144","087","Census Tract 2001.44, Henrico County, Virginia","Henrico","Richmond",212,82,393,141,166,223,364,313,0,13,0,13,49,45,478,197,0,13,0,13,37,43,0,13
"51087200145","087","Census Tract 2001.45, Henrico County, Virginia","Henrico","Richmond",931,147,37,63,33,29,0,13,0,13,0,13,299,133,0,13,0,13,0,13,18,30,0,13
"51087200146","087","Census Tract 2001.46, Henrico County, Virginia","Henrico","Richmond",707,82,140,57,16,25,168,139,0,13,0,13,99,35,42,42,0,13,0,13,0,13,0,13
"51087200147","087","Census Tract 2001.47, Henrico County, Virginia","Henrico","Richmond",1127,368,285,118,0,18,45,58,0,18,0,18,755,177,26,42,0,18,0,18,0,18,0,18
"51087200148","087","Census Tract 2001.48, Henrico County, Virginia","Henrico","Richmond",578,181,337,184,0,13,23,38,0,13,0,13,418,157,140,100,0,13,0,13,29,49,111,125
"51087200149","087","Census Tract 2001.49, Henrico County, Virginia","Henrico","Richmond",653,159,589,256,29,45,23,38,0,13,0,13,459,148,40,41,0,13,0,13,71,79,0,13
"51087200150","087","Census Tract 2001.50, Henrico County, Virginia","Henrico","Richmond",630,102,86,69,57,50,0,13,0,13,0,13,479,113,0,13,0,13,0,13,0,13,0,13
"51087200151","087","Census Tract 2001.51, Henrico County, Virginia","Henrico","Richmond",933,255,632,171,38,35,443,260,0,18,16,26,170,84,140,81,0,18,0,18,13,25,125,89
"51087200152","087","Census Tract 2001.52, Henrico County, Virginia","Henrico","Richmond",963,389,237,82,18,30,60,64,0,13,0,13,0,13,0,13,0,13,0,13,43,50,13,22
"51087200153","087","Census Tract 2001.53, Henrico County, Virginia","Henrico","Richmond",510,93,387,206,0,13,150,80,0,13,0,13,2,17,65,74,0,13,0,13,35,57,168,113
"51087200201","087","Census Tract 2002.01, Henrico County, Virginia","Henrico","Richmond",890,153,116,55,20,20,56,62,0,13,0,13,16,19,7,11,0,13,0,13,21,23,0,13
"51087200202","087","Census Tract 2002.02, Henrico County, Virginia","Henrico","Richmond",1398,162,55,40,0,13,0,13,0,13,0,13,0,13,0,13,0,13,0,13,0,13,0,13
"51087200301","087","Census Tract 2003.01, Henrico County, Virginia","Henrico","Richmond",517,130,125,41,27,27,7,11,2,5,0,13,25,17,19,16,0,13,0,13,0,13,0,13
"51087200302","087","Census Tract 2003.02, Henrico County, Virginia","Henrico","Richmond",898,203,350,94,11,15,0,13,30,32,0,13,55,40,52,44,0,13,0,13,0,13,33,48
"51087200303","087","Census Tract 2003.03, Henrico County, Virginia","Henrico","Richmond",475,110,454,118,42,47,148,85,0,13,0,13,59,42,67,56,0,13,0,13,52,67,133,94
"51087200305","087","Census Tract 2003.05, Henrico County, Virginia","Henrico","Richmond",1065,360,275,103,54,45,166,124,10,18,0,13,87,45,50,39,0,13,0,13,31,32,157,93
"51087200404","087","Census Tract 2004.04, Henrico County, Virginia","Henrico","Richmond",537,111,340,183,36,31,174,72,0,13,0,13,30,36,21,25,0,13,0,13,30,35,87,65
"51087200407","087","Census Tract 2004.07, Henrico County, Virginia","Henrico","Richmond",928,227,511,162,85,72,288,135,0,18,0,18,122,62,129,85,0,18,0,18,11,19,94,114
"51087200409","087","Census Tract 2004.09, Henrico County, Virginia","Henrico","Richmond",266,77,190,83,42,28,96,63,0,13,0,13,50,34,2,6,0,13,0,13,11,17,113,64
"51087200411","087","Census Tract 2004.11, Henrico County, Virginia","Henrico","Richmond",568,151,534,153,166,99,722,166,0,13,0,13,58,82,71,58,0,13,0,13,63,67,154,124
"51087200412","087","Census Tract 2004.12, Henrico County, Virginia","Henrico","Richmond",18,14,327,79,0,13,489,139,0,13,0,13,0,13,7,10,0,13,0,13,0,13,175,73
"51087200413","087","Census Tract 2004.13, Henrico County, Virginia","Henrico","Richmond",1493,161,73,66,108,50,10,16,0,13,0,13,143,47,0,13,0,13,0,13,31,29,36,55
"51087200414","087","Census Tract 2004.14, Henrico County, Virginia","Henrico","Richmond",1174,269,118,77,269,100,41,63,0,18,0,18,381,124,49,56,0,18,0,18,86,86,0,18
"51087200415","087","Census Tract 2004.15, Henrico County, Virginia","Henrico","Richmond",852,234,316,73,161,44,35,36,0,13,0,13,121,51,12,19,0,13,0,13,0,13,0,13
"51087200416","087","Census Tract 2004.16, Henrico County, Virginia","Henrico","Richmond",1611,259,212,144,246,100,88,74,0,18,0,18,136,110,0,18,0,18,0,18,36,42,0,18
"51087200417","087","Census Tract 2004.17, Henrico County, Virginia","Henrico","Richmond",51,39,713,275,20,24,485,237,0,13,0,13,0,13,64,66,0,13,0,13,0,13,54,64
"51087200418","087","Census Tract 2004.18, Henrico County, Virginia","Henrico","Richmond",250,177,193,133,121,58,261,185,0,13,0,13,0,13,113,115,0,13,0,13,0,13,222,115
"51087200501","087","Census Tract 2005.01, Henrico County, Virginia","Henrico","Richmond",278,81,122,47,11,11,157,101,0,13,0,13,51,53,13,19,0,13,0,13,45,36,78,59
"51087200502","087","Census Tract 2005.02, Henrico County, Virginia","Henrico","Richmond",609,113,120,52,38,32,26,22,0,13,0,13,18,20,0,13,0,13,0,13,55,38,31,23
"51087200503","087","Census Tract 2005.03, Henrico County, Virginia","Henrico","Richmond",852,165,282,93,156,97,130,65,0,13,0,13,50,40,7,11,20,32,0,13,0,13,43,39
"51087200600","087","Census Tract 2006, Henrico County, Virginia","Henrico","Richmond",1291,275,552,346,69,62,213,155,0,13,0,13,53,53,60,63,0,13,0,13,117,97,128,95
"51087200700","087","Census Tract 2007, Henrico County, Virginia","Henrico","Richmond",591,94,731,185,21,25,270,88,0,13,0,13,23,37,9,15,0,13,0,13,31,34,43,56
"51087200801","087","Census Tract 2008.01, Henrico County, Virginia","Henrico","Richmond",612,91,315,87,193,76,248,83,0,13,0,13,22,27,31,36,0,13,0,13,10,18,38,55
"51087200802","087","Census Tract 2008.02, Henrico County, Virginia","Henrico","Richmond",474,123,89,41,148,48,49,30,0,13,0,13,21,15,0,13,9,16,0,13,37,35,0,13
"51087200805","087","Census Tract 2008.05, Henrico County, Virginia","Henrico","Richmond",99,63,69,64,456,199,680,160,6,12,0,13,0,13,0,13,0,13,0,13,0,13,32,38
"51087200806","087","Census Tract 2008.06, Henrico County, Virginia","Henrico","Richmond",118,91,20,33,365,115,137,108,0,13,0,13,0,13,0,13,0,13,0,13,171,114,0,13
"51087200807","087","Census Tract 2008.07, Henrico County, Virginia","Henrico","Richmond",12,20,171,103,351,119,1303,266,41,65,0,13,0,13,0,13,0,13,0,13,0,13,141,111
"51087200904","087","Census Tract 2009.04, Henrico County, Virginia","Henrico","Richmond",1268,545,73,68,1170,216,158,106,0,18,0,18,128,103,0,18,0,18,0,18,0,18,0,18
"51087200905","087","Census Tract 2009.05, Henrico County, Virginia","Henrico","Richmond",864,338,173,109,543,148,250,152,0,18,0,18,95,74,50,60,0,18,0,18,115,106,0,18
"51087200906","087","Census Tract 2009.06, Henrico County, Virginia","Henrico","Richmond",1061,171,178,85,336,70,35,32,0,13,7,14,50,31,0,13,0,13,0,13,25,33,15,27
"51087200907","087","Census Tract 2009.07, Henrico County, Virginia","Henrico","Richmond",880,196,315,109,144,95,307,198,0,13,0,13,27,43,21,37,0,13,0,13,29,36,21,32
"51087200908","087","Census Tract 2009.08, Henrico County, Virginia","Henrico","Richmond",382,99,141,87,40,41,285,102,0,13,0,13,45,37,0,13,0,13,0,13,146,87,57,70
"51087201001","087","Census Tract 2010.01, Henrico County, Virginia","Henrico","Richmond",290,123,122,101,1444,309,685,205,0,18,0,18,11,18,13,19,0,18,0,18,24,38,0,18
"51087201002","087","Census Tract 2010.02, Henrico County, Virginia","Henrico","Richmond",125,37,83,73,670,169,329,137,0,13,0,13,0,13,9,14,0,13,0,13,0,13,0,13
"51087201003","087","Census Tract 2010.03, Henrico County, Virginia","Henrico","Richmond",79,54,12,19,1771,349,584,202,0,18,0,18,18,33,6,11,0,18,0,18,12,20,62,57
"51087201102","087","Census Tract 2011.02, Henrico County, Virginia","Henrico","Richmond",249,61,202,80,479,108,740,248,0,13,0,13,6,11,0,13,0,13,0,13,10,17,44,52
"51087201103","087","Census Tract 2011.03, Henrico County, Virginia","Henrico","Richmond",0,13,152,117,381,145,791,242,0,13,0,13,13,23,0,13,0,13,0,13,0,13,52,55
"51087201104","087","Census Tract 2011.04, Henrico County, Virginia","Henrico","Richmond",108,92,310,148,791,241,297,135,0,13,0,13,7,14,0,13,0,13,0,13,28,40,0,13
"51087201203","087","Census Tract 2012.03, Henrico County, Virginia","Henrico","Richmond",138,86,23,42,499,149,291,158,0,13,0,13,0,13,0,13,0,13,0,13,1,2,1,2
"51087201204","087","Census Tract 2012.04, Henrico County, Virginia","Henrico","Richmond",792,445,264,148,286,129,212,106,0,13,37,59,0,13,0,13,0,13,0,13,0,13,37,59
"51087201205","087","Census Tract 2012.05, Henrico County, Virginia","Henrico","Richmond",252,91,202,83,362,158,569,201,0,13,0,13,0,13,0,13,0,13,0,13,0,13,46,55
"51087201206","087","Census Tract 2012.06, Henrico County, Virginia","Henrico","Richmond",39,38,31,49,632,136,199,86,0,13,0,13,0,13,0,13,0,13,0,13,0,13,0,13
"51087201403","087","Census Tract 2014.03, Henrico County, Virginia","Henrico","Richmond",855,248,201,124,672,250,419,165,0,18,39,58,0,18,0,18,0,18,0,18,0,18,37,61
"51087201404","087","Census Tract 2014.04, Henrico County, Virginia","Henrico","Richmond",1294,192,231,147,114,70,135,62,10,16,0,13,0,13,34,54,0,13,0,13,0,13,0,13
"51087201405","087","Census Tract 2014.05, Henrico County, Virginia","Henrico","Richmond",0,13,0,13,938,388,0,13,0,13,0,13,0,13,0,13,0,13,0,13,0,13,0,13
"51087201406","087","Census Tract 2014.06, Henrico County, Virginia","Henrico","Richmond",353,84,271,133,70,55,732,158,0,13,8,16,0,13,12,20,0,13,0,13,1,2,43,76
"51087201502","087","Census Tract 2015.02, Henrico County, Virginia","Henrico","Richmond",858,184,131,75,735,199,42,41,23,30,0,18,28,37,0,18,0,18,0,18,51,61,0,18
"51087201503","087","Census Tract 2015.03, Henrico County, Virginia","Henrico","Richmond",492,206,82,53,1390,363,264,140,0,18,0,18,0,18,0,18,0,18,0,18,0,18,0,18
"51087201504","087","Census Tract 2015.04, Henrico County, Virginia","Henrico","Richmond",235,103,87,63,539,205,698,268,0,13,0,13,0,13,0,13,0,13,0,13,86,80,0,13
"51087201601","087","Census Tract 2016.01, Henrico County, Virginia","Henrico","Richmond",911,184,85,48,527,336,25,25,0,13,0,13,0,13,0,13,0,13,0,13,63,88,0,13
"51087201602","087","Census Tract 2016.02, Henrico County, Virginia","Henrico","Richmond",1141,171,165,100,592,122,0,18,0,18,0,18,0,18,0,18,0,18,0,18,43,50,0,18
"51087201701","087","Census Tract 2017.01, Henrico County, Virginia","Henrico","Richmond",714,158,322,96,157,85,179,118,0,13,0,13,14,21,0,13,0,13,0,13,9,14,11,18
"51087980100","087","Census Tract 9801, Henrico County, Virginia","Henrico","Richmond",0,13,0,13,0,13,0,13,0,13,0,13,0,13,0,13,0,13,0,13,0,13,0,13
