"GEOID","NAME","Region","County","FipCodes","TotalE","TotalMOE","OwnerOcE","OwnerOcMOE","RenterOcE","RenterOcMOE"
"51540000201","Census Tract 2.01, Charlottesville city, Virginia","Charlottesville","Charlottesville","540",1146,188,270,68,876,187
"51540000202","Census Tract 2.02, Charlottesville city, Virginia","Charlottesville","Charlottesville","540",1544,256,190,115,1354,245
"51540000302","Census Tract 3.02, Charlottesville city, Virginia","Charlottesville","Charlottesville","540",1607,280,633,165,974,239
"51540000401","Census Tract 4.01, Charlottesville city, Virginia","Charlottesville","Charlottesville","540",1471,169,721,180,750,155
"51540000402","Census Tract 4.02, Charlottesville city, Virginia","Charlottesville","Charlottesville","540",2128,207,1196,199,932,244
"51540000501","Census Tract 5.01, Charlottesville city, Virginia","Charlottesville","Charlottesville","540",1666,178,615,199,1051,189
"51540000502","Census Tract 5.02, Charlottesville city, Virginia","Charlottesville","Charlottesville","540",2033,223,872,207,1161,210
"51540000600","Census Tract 6, Charlottesville city, Virginia","Charlottesville","Charlottesville","540",1275,151,96,52,1179,163
"51540000700","Census Tract 7, Charlottesville city, Virginia","Charlottesville","Charlottesville","540",1651,171,828,98,823,150
"51540000800","Census Tract 8, Charlottesville city, Virginia","Charlottesville","Charlottesville","540",1451,176,971,162,480,118
"51540000900","Census Tract 9, Charlottesville city, Virginia","Charlottesville","Charlottesville","540",884,100,571,89,313,79
"51540001000","Census Tract 10, Charlottesville city, Virginia","Charlottesville","Charlottesville","540",1958,309,587,163,1371,279
"51041100106","Census Tract 1001.06, Chesterfield County, Virginia","Richmond","Chesterfield County","041",1355,241,1282,240,73,62
"51041100107","Census Tract 1001.07, Chesterfield County, Virginia","Richmond","Chesterfield County","041",1048,182,162,52,886,178
"51041100206","Census Tract 1002.06, Chesterfield County, Virginia","Richmond","Chesterfield County","041",2290,317,1748,318,542,235
"51041100208","Census Tract 1002.08, Chesterfield County, Virginia","Richmond","Chesterfield County","041",983,95,905,107,78,56
"51041100209","Census Tract 1002.09, Chesterfield County, Virginia","Richmond","Chesterfield County","041",2680,317,2193,310,487,209
"51041100210","Census Tract 1002.10, Chesterfield County, Virginia","Richmond","Chesterfield County","041",722,106,265,71,457,100
"51041100211","Census Tract 1002.11, Chesterfield County, Virginia","Richmond","Chesterfield County","041",1593,399,769,153,824,391
"51041100212","Census Tract 1002.12, Chesterfield County, Virginia","Richmond","Chesterfield County","041",1924,317,771,232,1153,250
"51041100300","Census Tract 1003, Chesterfield County, Virginia","Richmond","Chesterfield County","041",1082,199,451,99,631,208
"51041100403","Census Tract 1004.03, Chesterfield County, Virginia","Richmond","Chesterfield County","041",2551,298,1579,256,972,228
"51041100404","Census Tract 1004.04, Chesterfield County, Virginia","Richmond","Chesterfield County","041",835,82,244,54,591,75
"51041100405","Census Tract 1004.05, Chesterfield County, Virginia","Richmond","Chesterfield County","041",798,114,316,66,482,131
"51041100406","Census Tract 1004.06, Chesterfield County, Virginia","Richmond","Chesterfield County","041",760,151,81,63,679,140
"51041100407","Census Tract 1004.07, Chesterfield County, Virginia","Richmond","Chesterfield County","041",1402,203,741,146,661,221
"51041100409","Census Tract 1004.09, Chesterfield County, Virginia","Richmond","Chesterfield County","041",2498,326,2166,298,332,199
"51041100410","Census Tract 1004.10, Chesterfield County, Virginia","Richmond","Chesterfield County","041",1085,116,323,90,762,130
"51041100505","Census Tract 1005.05, Chesterfield County, Virginia","Richmond","Chesterfield County","041",2102,212,1567,204,535,166
"51041100506","Census Tract 1005.06, Chesterfield County, Virginia","Richmond","Chesterfield County","041",2106,298,1489,246,617,225
"51041100507","Census Tract 1005.07, Chesterfield County, Virginia","Richmond","Chesterfield County","041",2623,332,2407,367,216,126
"51041100508","Census Tract 1005.08, Chesterfield County, Virginia","Richmond","Chesterfield County","041",1924,260,1315,252,609,216
"51041100509","Census Tract 1005.09, Chesterfield County, Virginia","Richmond","Chesterfield County","041",2270,250,2021,227,249,157
"51041100510","Census Tract 1005.10, Chesterfield County, Virginia","Richmond","Chesterfield County","041",1474,174,832,117,642,138
"51041100600","Census Tract 1006, Chesterfield County, Virginia","Richmond","Chesterfield County","041",571,149,426,150,145,57
"51041100701","Census Tract 1007.01, Chesterfield County, Virginia","Richmond","Chesterfield County","041",2185,344,1708,359,477,169
"51041100702","Census Tract 1007.02, Chesterfield County, Virginia","Richmond","Chesterfield County","041",708,121,574,127,134,71
"51041100704","Census Tract 1007.04, Chesterfield County, Virginia","Richmond","Chesterfield County","041",1809,282,1708,293,101,76
"51041100705","Census Tract 1007.05, Chesterfield County, Virginia","Richmond","Chesterfield County","041",932,118,890,127,42,38
"51041100804","Census Tract 1008.04, Chesterfield County, Virginia","Richmond","Chesterfield County","041",1681,168,1187,171,494,102
"51041100805","Census Tract 1008.05, Chesterfield County, Virginia","Richmond","Chesterfield County","041",1953,467,1481,470,472,145
"51041100806","Census Tract 1008.06, Chesterfield County, Virginia","Richmond","Chesterfield County","041",1150,108,570,119,580,134
"51041100807","Census Tract 1008.07, Chesterfield County, Virginia","Richmond","Chesterfield County","041",699,92,495,82,204,72
"51041100812","Census Tract 1008.12, Chesterfield County, Virginia","Richmond","Chesterfield County","041",2068,190,1923,210,145,84
"51041100814","Census Tract 1008.14, Chesterfield County, Virginia","Richmond","Chesterfield County","041",1287,166,988,145,299,93
"51041100815","Census Tract 1008.15, Chesterfield County, Virginia","Richmond","Chesterfield County","041",1657,238,1319,180,338,158
"51041100816","Census Tract 1008.16, Chesterfield County, Virginia","Richmond","Chesterfield County","041",1647,186,1440,201,207,97
"51041100817","Census Tract 1008.17, Chesterfield County, Virginia","Richmond","Chesterfield County","041",1158,107,679,111,479,104
"51041100818","Census Tract 1008.18, Chesterfield County, Virginia","Richmond","Chesterfield County","041",1554,303,1461,310,93,68
"51041100819","Census Tract 1008.19, Chesterfield County, Virginia","Richmond","Chesterfield County","041",2229,199,1570,240,659,194
"51041100820","Census Tract 1008.20, Chesterfield County, Virginia","Richmond","Chesterfield County","041",1296,193,904,200,392,121
"51041100821","Census Tract 1008.21, Chesterfield County, Virginia","Richmond","Chesterfield County","041",1695,156,1616,165,79,45
"51041100822","Census Tract 1008.22, Chesterfield County, Virginia","Richmond","Chesterfield County","041",2212,181,1744,188,468,88
"51041100823","Census Tract 1008.23, Chesterfield County, Virginia","Richmond","Chesterfield County","041",2271,177,1819,189,452,165
"51041100902","Census Tract 1009.02, Chesterfield County, Virginia","Richmond","Chesterfield County","041",1491,215,1247,89,244,210
"51041100907","Census Tract 1009.07, Chesterfield County, Virginia","Richmond","Chesterfield County","041",991,182,646,98,345,154
"51041100910","Census Tract 1009.10, Chesterfield County, Virginia","Richmond","Chesterfield County","041",1896,191,1710,182,186,90
"51041100912","Census Tract 1009.12, Chesterfield County, Virginia","Richmond","Chesterfield County","041",2440,242,2259,239,181,88
"51041100915","Census Tract 1009.15, Chesterfield County, Virginia","Richmond","Chesterfield County","041",1708,163,1148,107,560,150
"51041100919","Census Tract 1009.19, Chesterfield County, Virginia","Richmond","Chesterfield County","041",2389,206,1895,234,494,152
"51041100920","Census Tract 1009.20, Chesterfield County, Virginia","Richmond","Chesterfield County","041",778,80,114,42,664,96
"51041100921","Census Tract 1009.21, Chesterfield County, Virginia","Richmond","Chesterfield County","041",2455,176,1622,188,833,170
"51041100922","Census Tract 1009.22, Chesterfield County, Virginia","Richmond","Chesterfield County","041",1965,289,1504,304,461,171
"51041100923","Census Tract 1009.23, Chesterfield County, Virginia","Richmond","Chesterfield County","041",1192,285,1059,282,133,83
"51109950101","Census Tract 9501.01, Louisa County, Virginia","Charlottesville","Louisa","109",1039,199,885,211,154,93
"51109950102","Census Tract 9501.02, Louisa County, Virginia","Charlottesville","Louisa","109",1818,194,1482,177,336,142
"51109950201","Census Tract 9502.01, Louisa County, Virginia","Charlottesville","Louisa","109",2290,250,1312,181,978,230
"51109950202","Census Tract 9502.02, Louisa County, Virginia","Charlottesville","Louisa","109",1731,202,1410,225,321,131
"51109950301","Census Tract 9503.01, Louisa County, Virginia","Charlottesville","Louisa","109",1299,144,1178,144,121,87
"51109950302","Census Tract 9503.02, Louisa County, Virginia","Charlottesville","Louisa","109",1275,233,978,241,297,172
"51109950303","Census Tract 9503.03, Louisa County, Virginia","Charlottesville","Louisa","109",1082,219,858,220,224,101
"51109950400","Census Tract 9504, Louisa County, Virginia","Charlottesville","Louisa","109",1219,139,1055,141,164,81
"51109950500","Census Tract 9505, Louisa County, Virginia","Charlottesville","Louisa","109",2630,285,2249,254,381,188
"51041100924","Census Tract 1009.24, Chesterfield County, Virginia","Richmond","Chesterfield County","041",1833,138,1442,146,391,115
"51041100926","Census Tract 1009.26, Chesterfield County, Virginia","Richmond","Chesterfield County","041",2350,269,2008,229,342,135
"51041100928","Census Tract 1009.28, Chesterfield County, Virginia","Richmond","Chesterfield County","041",3157,371,2185,281,972,244
"51041100929","Census Tract 1009.29, Chesterfield County, Virginia","Richmond","Chesterfield County","041",2203,211,1792,226,411,106
"51041100930","Census Tract 1009.30, Chesterfield County, Virginia","Richmond","Chesterfield County","041",1145,153,1097,165,48,49
"51041100931","Census Tract 1009.31, Chesterfield County, Virginia","Richmond","Chesterfield County","041",1925,148,1863,153,62,49
"51041100932","Census Tract 1009.32, Chesterfield County, Virginia","Richmond","Chesterfield County","041",1234,159,1148,171,86,52
"51041100933","Census Tract 1009.33, Chesterfield County, Virginia","Richmond","Chesterfield County","041",1124,191,572,195,552,100
"51041100934","Census Tract 1009.34, Chesterfield County, Virginia","Richmond","Chesterfield County","041",2342,156,1710,192,632,165
"51041100935","Census Tract 1009.35, Chesterfield County, Virginia","Richmond","Chesterfield County","041",1364,188,1271,167,93,53
"51041100936","Census Tract 1009.36, Chesterfield County, Virginia","Richmond","Chesterfield County","041",1340,200,1317,193,23,24
"51041100937","Census Tract 1009.37, Chesterfield County, Virginia","Richmond","Chesterfield County","041",1719,240,1009,159,710,241
"51041100938","Census Tract 1009.38, Chesterfield County, Virginia","Richmond","Chesterfield County","041",2913,790,2833,797,80,69
"51041101003","Census Tract 1010.03, Chesterfield County, Virginia","Richmond","Chesterfield County","041",3197,432,3060,441,137,84
"51041101004","Census Tract 1010.04, Chesterfield County, Virginia","Richmond","Chesterfield County","041",1689,180,1589,192,100,64
"51041101007","Census Tract 1010.07, Chesterfield County, Virginia","Richmond","Chesterfield County","041",2330,282,2023,303,307,126
"51041101008","Census Tract 1010.08, Chesterfield County, Virginia","Richmond","Chesterfield County","041",1739,194,1441,128,298,162
"51041101009","Census Tract 1010.09, Chesterfield County, Virginia","Richmond","Chesterfield County","041",2137,272,1813,241,324,135
"51041101011","Census Tract 1010.11, Chesterfield County, Virginia","Richmond","Chesterfield County","041",950,77,834,76,116,66
"51041101012","Census Tract 1010.12, Chesterfield County, Virginia","Richmond","Chesterfield County","041",2113,190,1203,206,910,196
"51041101013","Census Tract 1010.13, Chesterfield County, Virginia","Richmond","Chesterfield County","041",1210,139,1178,139,32,28
"51041101014","Census Tract 1010.14, Chesterfield County, Virginia","Richmond","Chesterfield County","041",895,137,843,144,52,44
"51041101015","Census Tract 1010.15, Chesterfield County, Virginia","Richmond","Chesterfield County","041",2149,203,2026,209,123,97
"51125950101","Census Tract 9501.01, Nelson County, Virginia","Charlottesville","Nelson","125",1367,226,1139,222,228,126
"51125950102","Census Tract 9501.02, Nelson County, Virginia","Charlottesville","Nelson","125",816,150,614,145,202,139
"51125950201","Census Tract 9502.01, Nelson County, Virginia","Charlottesville","Nelson","125",1064,197,848,168,216,130
"51125950202","Census Tract 9502.02, Nelson County, Virginia","Charlottesville","Nelson","125",1248,205,1039,183,209,116
"51125950300","Census Tract 9503, Nelson County, Virginia","Charlottesville","Nelson","125",1903,283,1165,156,738,249
"51670820100","Census Tract 8201, Hopewell city, Virginia","Richmond","Hopewell City","670",725,184,211,65,514,178
"51670820300","Census Tract 8203, Hopewell city, Virginia","Richmond","Hopewell City","670",1195,154,309,134,886,176
"51670820400","Census Tract 8204, Hopewell city, Virginia","Richmond","Hopewell City","670",2502,242,1505,237,997,226
"51670820500","Census Tract 8205, Hopewell city, Virginia","Richmond","Hopewell City","670",1630,201,1100,170,530,144
"51670820600","Census Tract 8206, Hopewell city, Virginia","Richmond","Hopewell City","670",2237,308,982,233,1255,291
"51670820700","Census Tract 8207, Hopewell city, Virginia","Richmond","Hopewell City","670",1073,162,300,93,773,129
"51670980100","Census Tract 9801, Hopewell city, Virginia","Richmond","Hopewell City","670",0,13,0,13,0,13
"51730810100","Census Tract 8101, Petersburg city, Virginia","Richmond","Petersburg City","730",828,92,282,83,546,111
"51730810300","Census Tract 8103, Petersburg city, Virginia","Richmond","Petersburg City","730",998,193,317,94,681,185
"51730810400","Census Tract 8104, Petersburg city, Virginia","Richmond","Petersburg City","730",718,141,100,35,618,136
"51730810500","Census Tract 8105, Petersburg city, Virginia","Richmond","Petersburg City","730",1359,152,737,114,622,162
"51730810600","Census Tract 8106, Petersburg city, Virginia","Richmond","Petersburg City","730",743,102,234,71,509,83
"51730810700","Census Tract 8107, Petersburg city, Virginia","Richmond","Petersburg City","730",807,139,171,62,636,137
"51730810900","Census Tract 8109, Petersburg city, Virginia","Richmond","Petersburg City","730",1074,126,575,165,499,154
"51730811000","Census Tract 8110, Petersburg city, Virginia","Richmond","Petersburg City","730",2091,326,744,144,1347,313
"51730811100","Census Tract 8111, Petersburg city, Virginia","Richmond","Petersburg City","730",1309,193,652,184,657,140
"51730811200","Census Tract 8112, Petersburg city, Virginia","Richmond","Petersburg City","730",1456,172,609,148,847,139
"51730811300","Census Tract 8113, Petersburg city, Virginia","Richmond","Petersburg City","730",1848,257,350,93,1498,238
"51760010201","Census Tract 102.01, Richmond city, Virginia","Richmond","Richmond City","760",1031,137,689,124,342,101
"51760010202","Census Tract 102.02, Richmond city, Virginia","Richmond","Richmond City","760",1446,310,546,132,900,281
"51760010300","Census Tract 103, Richmond city, Virginia","Richmond","Richmond City","760",715,198,185,58,530,180
"51760010401","Census Tract 104.01, Richmond city, Virginia","Richmond","Richmond City","760",1407,202,824,175,583,140
"51760010402","Census Tract 104.02, Richmond city, Virginia","Richmond","Richmond City","760",1269,150,764,116,505,143
"51760010500","Census Tract 105, Richmond city, Virginia","Richmond","Richmond City","760",635,69,429,66,206,65
"51760010600","Census Tract 106, Richmond city, Virginia","Richmond","Richmond City","760",884,124,547,83,337,125
"51760010700","Census Tract 107, Richmond city, Virginia","Richmond","Richmond City","760",911,124,536,122,375,106
"51760010800","Census Tract 108, Richmond city, Virginia","Richmond","Richmond City","760",1705,173,900,174,805,152
"51760010900","Census Tract 109, Richmond city, Virginia","Richmond","Richmond City","760",1131,225,481,128,650,238
"51760011000","Census Tract 110, Richmond city, Virginia","Richmond","Richmond City","760",955,135,399,67,556,134
"51760011100","Census Tract 111, Richmond city, Virginia","Richmond","Richmond City","760",1014,156,551,123,463,128
"51760020100","Census Tract 201, Richmond city, Virginia","Richmond","Richmond City","760",686,138,154,78,532,156
"51760020200","Census Tract 202, Richmond city, Virginia","Richmond","Richmond City","760",1231,146,146,65,1085,155
"51760020300","Census Tract 203, Richmond city, Virginia","Richmond","Richmond City","760",732,104,406,96,326,116
"51760020400","Census Tract 204, Richmond city, Virginia","Richmond","Richmond City","760",1445,214,203,65,1242,211
"51760020501","Census Tract 205.01, Richmond city, Virginia","Richmond","Richmond City","760",2001,366,74,65,1927,376
"51760020502","Census Tract 205.02, Richmond city, Virginia","Richmond","Richmond City","760",1521,291,283,114,1238,306
"51760020600","Census Tract 206, Richmond city, Virginia","Richmond","Richmond City","760",1048,182,496,142,552,135
"51760020700","Census Tract 207, Richmond city, Virginia","Richmond","Richmond City","760",713,87,265,63,448,94
"51760020800","Census Tract 208, Richmond city, Virginia","Richmond","Richmond City","760",876,181,416,111,460,156
"51760020900","Census Tract 209, Richmond city, Virginia","Richmond","Richmond City","760",1161,145,516,118,645,132
"51760021000","Census Tract 210, Richmond city, Virginia","Richmond","Richmond City","760",933,316,278,130,655,297
"51760021100","Census Tract 211, Richmond city, Virginia","Richmond","Richmond City","760",800,288,605,293,195,70
"51760021200","Census Tract 212, Richmond city, Virginia","Richmond","Richmond City","760",692,119,285,83,407,101
"51760030100","Census Tract 301, Richmond city, Virginia","Richmond","Richmond City","760",1029,191,0,13,1029,191
"51760030200","Census Tract 302, Richmond city, Virginia","Richmond","Richmond City","760",1164,245,252,138,912,218
"51760030501","Census Tract 305.01, Richmond city, Virginia","Richmond","Richmond City","760",1224,167,19,27,1205,166
"51760030502","Census Tract 305.02, Richmond city, Virginia","Richmond","Richmond City","760",1465,278,137,78,1328,282
"51760040201","Census Tract 402.01, Richmond city, Virginia","Richmond","Richmond City","760",558,82,170,42,388,80
"51760040202","Census Tract 402.02, Richmond city, Virginia","Richmond","Richmond City","760",1191,130,57,35,1134,123
"51760040300","Census Tract 403, Richmond city, Virginia","Richmond","Richmond City","760",324,52,82,38,242,48
"51760040400","Census Tract 404, Richmond city, Virginia","Richmond","Richmond City","760",1558,245,533,178,1025,188
"51760040500","Census Tract 405, Richmond city, Virginia","Richmond","Richmond City","760",1660,227,638,182,1022,184
"51760040600","Census Tract 406, Richmond city, Virginia","Richmond","Richmond City","760",885,143,108,49,777,139
"51760040700","Census Tract 407, Richmond city, Virginia","Richmond","Richmond City","760",1256,137,474,76,782,130
"51760040800","Census Tract 408, Richmond city, Virginia","Richmond","Richmond City","760",715,68,362,62,353,56
"51760040900","Census Tract 409, Richmond city, Virginia","Richmond","Richmond City","760",1216,138,454,87,762,137
"51760041000","Census Tract 410, Richmond city, Virginia","Richmond","Richmond City","760",1104,123,649,95,455,96
"51760041100","Census Tract 411, Richmond city, Virginia","Richmond","Richmond City","760",1513,147,340,89,1173,151
"51760041200","Census Tract 412, Richmond city, Virginia","Richmond","Richmond City","760",457,62,162,37,295,61
"51760041300","Census Tract 413, Richmond city, Virginia","Richmond","Richmond City","760",1211,201,628,137,583,165
"51760041400","Census Tract 414, Richmond city, Virginia","Richmond","Richmond City","760",898,91,572,100,326,69
"51760041600","Census Tract 416, Richmond city, Virginia","Richmond","Richmond City","760",606,65,553,70,53,28
"51760050100","Census Tract 501, Richmond city, Virginia","Richmond","Richmond City","760",1686,221,763,103,923,221
"51760050200","Census Tract 502, Richmond city, Virginia","Richmond","Richmond City","760",1375,160,1169,150,206,73
"51760050300","Census Tract 503, Richmond city, Virginia","Richmond","Richmond City","760",849,133,410,82,439,123
"51065020101","Census Tract 201.01, Fluvanna County, Virginia","Charlottesville","Fluvanna","065",1969,229,1668,229,301,128
"51065020103","Census Tract 201.03, Fluvanna County, Virginia","Charlottesville","Fluvanna","065",1451,216,1207,226,244,136
"51065020104","Census Tract 201.04, Fluvanna County, Virginia","Charlottesville","Fluvanna","065",2428,161,2233,194,195,106
"51760050400","Census Tract 504, Richmond city, Virginia","Richmond","Richmond City","760",1295,207,1101,137,194,148
"51760050500","Census Tract 505, Richmond city, Virginia","Richmond","Richmond City","760",1265,171,1176,169,89,55
"51760050600","Census Tract 506, Richmond city, Virginia","Richmond","Richmond City","760",1247,192,1219,194,28,19
"51760060200","Census Tract 602, Richmond city, Virginia","Richmond","Richmond City","760",842,143,320,95,522,137
"51760060400","Census Tract 604, Richmond city, Virginia","Richmond","Richmond City","760",1796,393,917,383,879,204
"51760060501","Census Tract 605.01, Richmond city, Virginia","Richmond","Richmond City","760",714,158,470,126,244,126
"51760060502","Census Tract 605.02, Richmond city, Virginia","Richmond","Richmond City","760",1986,300,775,186,1211,244
"51760060600","Census Tract 606, Richmond city, Virginia","Richmond","Richmond City","760",1182,124,994,126,188,79
"51760060700","Census Tract 607, Richmond city, Virginia","Richmond","Richmond City","760",1823,166,550,149,1273,150
"51760060800","Census Tract 608, Richmond city, Virginia","Richmond","Richmond City","760",1072,138,292,115,780,138
"51760060900","Census Tract 609, Richmond city, Virginia","Richmond","Richmond City","760",433,107,63,29,370,103
"51760061001","Census Tract 610.01, Richmond city, Virginia","Richmond","Richmond City","760",1375,223,470,202,905,234
"51760061002","Census Tract 610.02, Richmond city, Virginia","Richmond","Richmond City","760",2057,429,90,100,1967,415
"51760070100","Census Tract 701, Richmond city, Virginia","Richmond","Richmond City","760",2631,304,1922,319,709,143
"51760070300","Census Tract 703, Richmond city, Virginia","Richmond","Richmond City","760",1342,166,731,149,611,137
"51760070400","Census Tract 704, Richmond city, Virginia","Richmond","Richmond City","760",1779,163,1459,176,320,105
"51760070601","Census Tract 706.01, Richmond city, Virginia","Richmond","Richmond City","760",1834,273,661,217,1173,175
"51760070602","Census Tract 706.02, Richmond city, Virginia","Richmond","Richmond City","760",768,124,465,119,303,77
"51760070700","Census Tract 707, Richmond city, Virginia","Richmond","Richmond City","760",2130,261,1245,235,885,185
"51760070802","Census Tract 708.02, Richmond city, Virginia","Richmond","Richmond City","760",822,114,506,129,316,114
"51760070803","Census Tract 708.03, Richmond city, Virginia","Richmond","Richmond City","760",1667,215,758,137,909,216
"51760070804","Census Tract 708.04, Richmond city, Virginia","Richmond","Richmond City","760",1094,133,884,174,210,102
"51760070901","Census Tract 709.01, Richmond city, Virginia","Richmond","Richmond City","760",1600,332,704,324,896,238
"51760070902","Census Tract 709.02, Richmond city, Virginia","Richmond","Richmond City","760",1100,201,318,166,782,168
"51760071002","Census Tract 710.02, Richmond city, Virginia","Richmond","Richmond City","760",1449,182,698,186,751,137
"51760071003","Census Tract 710.03, Richmond city, Virginia","Richmond","Richmond City","760",1353,250,376,151,977,262
"51760071004","Census Tract 710.04, Richmond city, Virginia","Richmond","Richmond City","760",695,116,0,13,695,116
"51760071100","Census Tract 711, Richmond city, Virginia","Richmond","Richmond City","760",2768,324,1127,181,1641,344
"51065020200","Census Tract 202, Fluvanna County, Virginia","Charlottesville","Fluvanna","065",2017,212,1483,195,534,193
"51065020300","Census Tract 203, Fluvanna County, Virginia","Charlottesville","Fluvanna","065",2102,241,1624,246,478,172
"51003010100","Census Tract 101, Albemarle County, Virginia","Charlottesville","Albemarle","003",1988,279,1655,272,333,142
"51003010201","Census Tract 102.01, Albemarle County, Virginia","Charlottesville","Albemarle","003",1895,167,1701,192,194,96
"51003010202","Census Tract 102.02, Albemarle County, Virginia","Charlottesville","Albemarle","003",1165,125,1037,121,128,63
"51003010301","Census Tract 103.01, Albemarle County, Virginia","Charlottesville","Albemarle","003",637,119,528,130,109,57
"51003010302","Census Tract 103.02, Albemarle County, Virginia","Charlottesville","Albemarle","003",413,38,315,67,98,56
"51003010303","Census Tract 103.03, Albemarle County, Virginia","Charlottesville","Albemarle","003",2061,174,1624,171,437,102
"51003010401","Census Tract 104.01, Albemarle County, Virginia","Charlottesville","Albemarle","003",1903,301,1442,308,461,139
"51003010402","Census Tract 104.02, Albemarle County, Virginia","Charlottesville","Albemarle","003",1385,164,1189,140,196,119
"51003010501","Census Tract 105.01, Albemarle County, Virginia","Charlottesville","Albemarle","003",1054,192,883,191,171,97
"51003010502","Census Tract 105.02, Albemarle County, Virginia","Charlottesville","Albemarle","003",1899,231,505,157,1394,283
"51003010602","Census Tract 106.02, Albemarle County, Virginia","Charlottesville","Albemarle","003",2092,259,1373,236,719,160
"51003010603","Census Tract 106.03, Albemarle County, Virginia","Charlottesville","Albemarle","003",1206,296,425,260,781,233
"51079030101","Census Tract 301.01, Greene County, Virginia","Charlottesville","Greene","079",1522,152,1213,157,309,95
"51079030102","Census Tract 301.02, Greene County, Virginia","Charlottesville","Greene","079",1880,200,1572,226,308,144
"51079030201","Census Tract 302.01, Greene County, Virginia","Charlottesville","Greene","079",2675,222,2135,214,540,138
"51079030202","Census Tract 302.02, Greene County, Virginia","Charlottesville","Greene","079",1414,200,1141,218,273,130
"51003010604","Census Tract 106.04, Albemarle County, Virginia","Charlottesville","Albemarle","003",1630,201,1053,195,577,135
"51003010701","Census Tract 107.01, Albemarle County, Virginia","Charlottesville","Albemarle","003",1370,329,259,102,1111,331
"51003010702","Census Tract 107.02, Albemarle County, Virginia","Charlottesville","Albemarle","003",1497,165,661,184,836,204
"51003010801","Census Tract 108.01, Albemarle County, Virginia","Charlottesville","Albemarle","003",1510,185,509,129,1001,175
"51003010802","Census Tract 108.02, Albemarle County, Virginia","Charlottesville","Albemarle","003",983,139,366,114,617,146
"51003010901","Census Tract 109.01, Albemarle County, Virginia","Charlottesville","Albemarle","003",740,127,171,55,569,112
"51003010904","Census Tract 109.04, Albemarle County, Virginia","Charlottesville","Albemarle","003",537,115,50,31,487,111
"51003011000","Census Tract 110, Albemarle County, Virginia","Charlottesville","Albemarle","003",2602,353,2310,350,292,114
"51003011101","Census Tract 111.01, Albemarle County, Virginia","Charlottesville","Albemarle","003",806,147,671,147,135,78
"51003011102","Census Tract 111.02, Albemarle County, Virginia","Charlottesville","Albemarle","003",1040,192,853,143,187,164
"51003011103","Census Tract 111.03, Albemarle County, Virginia","Charlottesville","Albemarle","003",1454,152,1083,154,371,132
"51003011201","Census Tract 112.01, Albemarle County, Virginia","Charlottesville","Albemarle","003",1734,210,1351,210,383,102
"51003011202","Census Tract 112.02, Albemarle County, Virginia","Charlottesville","Albemarle","003",1424,173,1259,170,165,56
"51003011301","Census Tract 113.01, Albemarle County, Virginia","Charlottesville","Albemarle","003",2152,234,1648,233,504,160
"51003011302","Census Tract 113.02, Albemarle County, Virginia","Charlottesville","Albemarle","003",1666,215,385,116,1281,210
"51003011303","Census Tract 113.03, Albemarle County, Virginia","Charlottesville","Albemarle","003",1613,175,793,140,820,142
"51003011400","Census Tract 114, Albemarle County, Virginia","Charlottesville","Albemarle","003",1925,208,1526,227,399,107
"51087200106","Census Tract 2001.06, Henrico County, Virginia","Richmond","Henrico County","087",1890,207,781,133,1109,185
"51087200108","Census Tract 2001.08, Henrico County, Virginia","Richmond","Henrico County","087",974,120,942,120,32,31
"51087200109","Census Tract 2001.09, Henrico County, Virginia","Richmond","Henrico County","087",1379,220,1350,218,29,27
"51087200122","Census Tract 2001.22, Henrico County, Virginia","Richmond","Henrico County","087",1627,130,1408,144,219,101
"51087200123","Census Tract 2001.23, Henrico County, Virginia","Richmond","Henrico County","087",1474,174,672,102,802,186
"51087200124","Census Tract 2001.24, Henrico County, Virginia","Richmond","Henrico County","087",2058,246,1370,158,688,238
"51087200125","Census Tract 2001.25, Henrico County, Virginia","Richmond","Henrico County","087",1608,148,244,57,1364,156
"51087200126","Census Tract 2001.26, Henrico County, Virginia","Richmond","Henrico County","087",1991,190,182,100,1809,219
"51087200127","Census Tract 2001.27, Henrico County, Virginia","Richmond","Henrico County","087",2303,217,1572,228,731,152
"51087200131","Census Tract 2001.31, Henrico County, Virginia","Richmond","Henrico County","087",872,82,412,88,460,102
"51087200132","Census Tract 2001.32, Henrico County, Virginia","Richmond","Henrico County","087",1465,215,744,151,721,242
"51087200133","Census Tract 2001.33, Henrico County, Virginia","Richmond","Henrico County","087",1125,182,364,101,761,194
"51087200134","Census Tract 2001.34, Henrico County, Virginia","Richmond","Henrico County","087",1945,278,1590,278,355,119
"51087200135","Census Tract 2001.35, Henrico County, Virginia","Richmond","Henrico County","087",775,118,536,83,239,111
"51087200136","Census Tract 2001.36, Henrico County, Virginia","Richmond","Henrico County","087",1500,249,496,137,1004,291
"51087200137","Census Tract 2001.37, Henrico County, Virginia","Richmond","Henrico County","087",879,106,641,111,238,99
"51087200138","Census Tract 2001.38, Henrico County, Virginia","Richmond","Henrico County","087",1759,381,1508,373,251,131
"51087200139","Census Tract 2001.39, Henrico County, Virginia","Richmond","Henrico County","087",1886,214,1196,136,690,235
"51087200140","Census Tract 2001.40, Henrico County, Virginia","Richmond","Henrico County","087",1533,250,1005,219,528,152
"51087200141","Census Tract 2001.41, Henrico County, Virginia","Richmond","Henrico County","087",1214,198,654,154,560,133
"51087200142","Census Tract 2001.42, Henrico County, Virginia","Richmond","Henrico County","087",1488,140,1096,163,392,106
"51087200143","Census Tract 2001.43, Henrico County, Virginia","Richmond","Henrico County","087",748,54,748,54,0,13
"51087200144","Census Tract 2001.44, Henrico County, Virginia","Richmond","Henrico County","087",1683,405,427,237,1256,333
"51087200145","Census Tract 2001.45, Henrico County, Virginia","Richmond","Henrico County","087",1316,201,1279,188,37,63
"51087200146","Census Tract 2001.46, Henrico County, Virginia","Richmond","Henrico County","087",1198,149,848,84,350,133
"51087200147","Census Tract 2001.47, Henrico County, Virginia","Richmond","Henrico County","087",2288,418,1932,397,356,132
"51087200148","Census Tract 2001.48, Henrico County, Virginia","Richmond","Henrico County","087",1496,178,996,253,500,192
"51087200149","Census Tract 2001.49, Henrico County, Virginia","Richmond","Henrico County","087",1870,295,1195,209,675,253
"51087200150","Census Tract 2001.50, Henrico County, Virginia","Richmond","Henrico County","087",1275,106,1189,123,86,69
"51087200151","Census Tract 2001.51, Henrico County, Virginia","Richmond","Henrico County","087",2445,346,1163,253,1282,271
"51087200152","Census Tract 2001.52, Henrico County, Virginia","Richmond","Henrico County","087",1304,385,1007,393,297,91
"51087200153","Census Tract 2001.53, Henrico County, Virginia","Richmond","Henrico County","087",1328,200,512,98,816,221
"51087200201","Census Tract 2002.01, Henrico County, Virginia","Richmond","Henrico County","087",1240,215,1061,223,179,82
"51087200202","Census Tract 2002.02, Henrico County, Virginia","Richmond","Henrico County","087",1453,153,1398,162,55,40
"51087200301","Census Tract 2003.01, Henrico County, Virginia","Richmond","Henrico County","087",741,136,571,130,170,50
"51087200302","Census Tract 2003.02, Henrico County, Virginia","Richmond","Henrico County","087",1405,192,994,195,411,104
"51087200303","Census Tract 2003.03, Henrico County, Virginia","Richmond","Henrico County","087",1287,118,597,120,690,132
"51087200305","Census Tract 2003.05, Henrico County, Virginia","Richmond","Henrico County","087",1849,402,1251,368,598,155
"51087200404","Census Tract 2004.04, Henrico County, Virginia","Richmond","Henrico County","087",1214,216,618,115,596,187
"51087200407","Census Tract 2004.07, Henrico County, Virginia","Richmond","Henrico County","087",2074,277,1146,215,928,203
"51087200409","Census Tract 2004.09, Henrico County, Virginia","Richmond","Henrico County","087",714,90,373,70,341,102
"51087200411","Census Tract 2004.11, Henrico County, Virginia","Richmond","Henrico County","087",2320,253,813,182,1507,261
"51087200412","Census Tract 2004.12, Henrico County, Virginia","Richmond","Henrico County","087",1004,143,18,14,986,142
"51087200413","Census Tract 2004.13, Henrico County, Virginia","Richmond","Henrico County","087",1878,163,1788,175,90,66
"51087200414","Census Tract 2004.14, Henrico County, Virginia","Richmond","Henrico County","087",2093,274,1885,278,208,117
"51087200415","Census Tract 2004.15, Henrico County, Virginia","Richmond","Henrico County","087",1497,231,1134,235,363,73
"51087200416","Census Tract 2004.16, Henrico County, Virginia","Richmond","Henrico County","087",2335,282,2035,315,300,159
"51087200417","Census Tract 2004.17, Henrico County, Virginia","Richmond","Henrico County","087",1333,352,71,36,1262,354
"51087200418","Census Tract 2004.18, Henrico County, Virginia","Richmond","Henrico County","087",1164,181,377,188,787,168
"51087200501","Census Tract 2005.01, Henrico County, Virginia","Richmond","Henrico County","087",722,136,378,90,344,122
"51087200502","Census Tract 2005.02, Henrico County, Virginia","Richmond","Henrico County","087",863,105,713,105,150,60
"51087200503","Census Tract 2005.03, Henrico County, Virginia","Richmond","Henrico County","087",1560,174,1115,174,445,111
"51087200600","Census Tract 2006, Henrico County, Virginia","Richmond","Henrico County","087",2414,411,1464,294,950,378
"51087200700","Census Tract 2007, Henrico County, Virginia","Richmond","Henrico County","087",1670,205,644,93,1026,191
"51087200801","Census Tract 2008.01, Henrico County, Virginia","Richmond","Henrico County","087",1446,96,852,102,594,113
"51087200802","Census Tract 2008.02, Henrico County, Virginia","Richmond","Henrico County","087",848,117,689,120,159,50
"51087200805","Census Tract 2008.05, Henrico County, Virginia","Richmond","Henrico County","087",1342,211,561,202,781,146
"51087200806","Census Tract 2008.06, Henrico County, Virginia","Richmond","Henrico County","087",787,157,630,133,157,110
"51087200807","Census Tract 2008.07, Henrico County, Virginia","Richmond","Henrico County","087",1981,237,404,116,1577,243
"51087200904","Census Tract 2009.04, Henrico County, Virginia","Richmond","Henrico County","087",2884,535,2581,540,303,152
"51087200905","Census Tract 2009.05, Henrico County, Virginia","Richmond","Henrico County","087",2122,320,1634,366,488,165
"51087200906","Census Tract 2009.06, Henrico County, Virginia","Richmond","Henrico County","087",1688,179,1468,183,220,89
"51087200907","Census Tract 2009.07, Henrico County, Virginia","Richmond","Henrico County","087",1694,254,1051,204,643,208
"51087200908","Census Tract 2009.08, Henrico County, Virginia","Richmond","Henrico County","087",1034,68,551,91,483,72
"51087201001","Census Tract 2010.01, Henrico County, Virginia","Richmond","Henrico County","087",2576,261,1756,323,820,211
"51087201002","Census Tract 2010.02, Henrico County, Virginia","Richmond","Henrico County","087",1227,197,806,164,421,147
"51087201003","Census Tract 2010.03, Henrico County, Virginia","Richmond","Henrico County","087",2562,349,1880,349,682,203
"51087201102","Census Tract 2011.02, Henrico County, Virginia","Richmond","Henrico County","087",1699,259,734,112,965,234
"51087201103","Census Tract 2011.03, Henrico County, Virginia","Richmond","Henrico County","087",1364,140,394,149,970,212
"51087201104","Census Tract 2011.04, Henrico County, Virginia","Richmond","Henrico County","087",1513,255,906,247,607,182
"51087201203","Census Tract 2012.03, Henrico County, Virginia","Richmond","Henrico County","087",955,94,641,159,314,155
"51087201204","Census Tract 2012.04, Henrico County, Virginia","Richmond","Henrico County","087",1612,430,1099,433,513,171
"51087201205","Census Tract 2012.05, Henrico County, Virginia","Richmond","Henrico County","087",1451,201,659,203,792,217
"51087201206","Census Tract 2012.06, Henrico County, Virginia","Richmond","Henrico County","087",917,129,687,140,230,91
"51087201403","Census Tract 2014.03, Henrico County, Virginia","Richmond","Henrico County","087",2236,334,1540,366,696,201
"51087201404","Census Tract 2014.04, Henrico County, Virginia","Richmond","Henrico County","087",1830,260,1430,191,400,154
"51087201405","Census Tract 2014.05, Henrico County, Virginia","Richmond","Henrico County","087",949,388,949,388,0,13
"51087201406","Census Tract 2014.06, Henrico County, Virginia","Richmond","Henrico County","087",1457,130,424,93,1033,168
"51087201502","Census Tract 2015.02, Henrico County, Virginia","Richmond","Henrico County","087",1909,272,1736,257,173,91
"51087201503","Census Tract 2015.03, Henrico County, Virginia","Richmond","Henrico County","087",2303,380,1957,406,346,150
"51087201504","Census Tract 2015.04, Henrico County, Virginia","Richmond","Henrico County","087",1624,275,839,235,785,272
"51087201601","Census Tract 2016.01, Henrico County, Virginia","Richmond","Henrico County","087",1556,355,1438,356,118,54
"51087201602","Census Tract 2016.02, Henrico County, Virginia","Richmond","Henrico County","087",1938,163,1764,177,174,101
"51087201701","Census Tract 2017.01, Henrico County, Virginia","Richmond","Henrico County","087",1404,180,885,180,519,113
"51087980100","Census Tract 9801, Henrico County, Virginia","Richmond","Henrico County","087",0,13,0,13,0,13
